file,line,type,commit,author,date,time,timezone,datetime,depth,length
style.css,1,css,f5490dcf,Matthew Paoletta,2026-04-10,15:32:28,-07:00,2026-04-10T15:32:28-07:00,0,4
style.css,2,css,f5490dcf,Matthew Paoletta,2026-04-10,15:32:28,-07:00,2026-04-10T15:32:28-07:00,1,31
style.css,3,css,f5490dcf,Matthew Paoletta,2026-04-10,15:32:28,-07:00,2026-04-10T15:32:28-07:00,1,32
style.css,4,css,dcfbef51,Matthew Paoletta,2026-04-16,21:56:18,-07:00,2026-04-16T21:56:18-07:00,1,23
style.css,5,css,f5490dcf,Matthew Paoletta,2026-04-10,15:32:28,-07:00,2026-04-10T15:32:28-07:00,0,0
style.css,6,css,f5490dcf,Matthew Paoletta,2026-04-10,15:32:28,-07:00,2026-04-10T15:32:28-07:00,0,0
style.css,7,css,5437c720,Matthew Paoletta,2026-04-02,23:14:18,-07:00,2026-04-02T23:14:18-07:00,0,3
style.css,8,css,5437c720,Matthew Paoletta,2026-04-02,23:14:18,-07:00,2026-04-02T23:14:18-07:00,2,43
style.css,9,css,5437c720,Matthew Paoletta,2026-04-02,23:14:18,-07:00,2026-04-02T23:14:18-07:00,0,42
style.css,10,css,5437c720,Matthew Paoletta,2026-04-02,23:14:18,-07:00,2026-04-02T23:14:18-07:00,0,0
style.css,11,css,5437c720,Matthew Paoletta,2026-04-02,23:14:18,-07:00,2026-04-02T23:14:18-07:00,2,22
style.css,12,css,77c1948f,Matthew Paoletta,2026-04-02,23:58:22,-07:00,2026-04-02T23:58:22-07:00,2,8
style.css,13,css,77c1948f,Matthew Paoletta,2026-04-02,23:58:22,-07:00,2026-04-02T23:58:22-07:00,2,12
style.css,14,css,77c1948f,Matthew Paoletta,2026-04-02,23:58:22,-07:00,2026-04-02T23:58:22-07:00,2,24
style.css,15,css,f5490dcf,Matthew Paoletta,2026-04-10,15:32:28,-07:00,2026-04-10T15:32:28-07:00,2,15
style.css,16,css,f5490dcf,Matthew Paoletta,2026-04-10,15:32:28,-07:00,2026-04-10T15:32:28-07:00,2,18
style.css,17,css,f5490dcf,Matthew Paoletta,2026-04-10,15:32:28,-07:00,2026-04-10T15:32:28-07:00,2,18
style.css,18,css,dcfbef51,Matthew Paoletta,2026-04-16,21:56:18,-07:00,2026-04-16T21:56:18-07:00,2,17
style.css,19,css,dcfbef51,Matthew Paoletta,2026-04-16,21:56:18,-07:00,2026-04-16T21:56:18-07:00,2,23
style.css,20,css,dcfbef51,Matthew Paoletta,2026-04-16,21:56:18,-07:00,2026-04-16T21:56:18-07:00,2,16
style.css,21,css,d2d750da,Matthew Paoletta,2026-04-02,23:51:17,-07:00,2026-04-02T23:51:17-07:00,0,0
style.css,22,css,77c1948f,Matthew Paoletta,2026-04-02,23:58:22,-07:00,2026-04-02T23:58:22-07:00,0,0
style.css,23,css,77c1948f,Matthew Paoletta,2026-04-02,23:58:22,-07:00,2026-04-02T23:58:22-07:00,0,1
style.css,24,css,77c1948f,Matthew Paoletta,2026-04-02,23:58:22,-07:00,2026-04-02T23:58:22-07:00,2,21
style.css,25,css,77c1948f,Matthew Paoletta,2026-04-02,23:58:22,-07:00,2026-04-02T23:58:22-07:00,0,0
style.css,26,css,77c1948f,Matthew Paoletta,2026-04-02,23:58:22,-07:00,2026-04-02T23:58:22-07:00,0,0
style.css,27,css,f5490dcf,Matthew Paoletta,2026-04-10,15:32:28,-07:00,2026-04-10T15:32:28-07:00,0,5
style.css,28,css,f5490dcf,Matthew Paoletta,2026-04-10,15:32:28,-07:00,2026-04-10T15:32:28-07:00,0,6
style.css,29,css,f5490dcf,Matthew Paoletta,2026-04-10,15:32:28,-07:00,2026-04-10T15:32:28-07:00,1,16
style.css,30,css,f5490dcf,Matthew Paoletta,2026-04-10,15:32:28,-07:00,2026-04-10T15:32:28-07:00,0,0
style.css,31,css,f5490dcf,Matthew Paoletta,2026-04-10,15:32:28,-07:00,2026-04-10T15:32:28-07:00,0,0
style.css,32,css,77c1948f,Matthew Paoletta,2026-04-02,23:58:22,-07:00,2026-04-02T23:58:22-07:00,0,3
style.css,33,css,dcfbef51,Matthew Paoletta,2026-04-16,21:56:18,-07:00,2026-04-16T21:56:18-07:00,1,39
style.css,34,css,f5490dcf,Matthew Paoletta,2026-04-10,15:32:28,-07:00,2026-04-10T15:32:28-07:00,1,12
style.css,35,css,f5490dcf,Matthew Paoletta,2026-04-10,15:32:28,-07:00,2026-04-10T15:32:28-07:00,1,17
style.css,36,css,dcfbef51,Matthew Paoletta,2026-04-16,21:56:18,-07:00,2026-04-16T21:56:18-07:00,1,43
style.css,37,css,77c1948f,Matthew Paoletta,2026-04-02,23:58:22,-07:00,2026-04-02T23:58:22-07:00,0,0
style.css,38,css,77c1948f,Matthew Paoletta,2026-04-02,23:58:22,-07:00,2026-04-02T23:58:22-07:00,0,0
style.css,39,css,77c1948f,Matthew Paoletta,2026-04-02,23:58:22,-07:00,2026-04-02T23:58:22-07:00,0,5
style.css,40,css,f5490dcf,Matthew Paoletta,2026-04-10,15:32:28,-07:00,2026-04-10T15:32:28-07:00,1,6
style.css,41,css,f5490dcf,Matthew Paoletta,2026-04-10,15:32:28,-07:00,2026-04-10T15:32:28-07:00,1,20
style.css,42,css,f5490dcf,Matthew Paoletta,2026-04-10,15:32:28,-07:00,2026-04-10T15:32:28-07:00,1,13
style.css,43,css,f5490dcf,Matthew Paoletta,2026-04-10,15:32:28,-07:00,2026-04-10T15:32:28-07:00,1,17
style.css,44,css,f5490dcf,Matthew Paoletta,2026-04-10,15:32:28,-07:00,2026-04-10T15:32:28-07:00,1,13
style.css,45,css,f5490dcf,Matthew Paoletta,2026-04-10,15:32:28,-07:00,2026-04-10T15:32:28-07:00,0,0
style.css,46,css,f5490dcf,Matthew Paoletta,2026-04-10,15:32:28,-07:00,2026-04-10T15:32:28-07:00,0,0
style.css,47,css,f5490dcf,Matthew Paoletta,2026-04-10,15:32:28,-07:00,2026-04-10T15:32:28-07:00,0,13
style.css,48,css,dcfbef51,Matthew Paoletta,2026-04-16,21:56:18,-07:00,2026-04-16T21:56:18-07:00,1,45
style.css,49,css,f5490dcf,Matthew Paoletta,2026-04-10,15:32:28,-07:00,2026-04-10T15:32:28-07:00,1,20
style.css,50,css,f5490dcf,Matthew Paoletta,2026-04-10,15:32:28,-07:00,2026-04-10T15:32:28-07:00,0,0
style.css,51,css,f5490dcf,Matthew Paoletta,2026-04-10,15:32:28,-07:00,2026-04-10T15:32:28-07:00,0,0
style.css,52,css,f5490dcf,Matthew Paoletta,2026-04-10,15:32:28,-07:00,2026-04-10T15:32:28-07:00,0,11
style.css,53,css,f5490dcf,Matthew Paoletta,2026-04-10,15:32:28,-07:00,2026-04-10T15:32:28-07:00,1,45
style.css,54,css,dcfbef51,Matthew Paoletta,2026-04-16,21:56:18,-07:00,2026-04-16T21:56:18-07:00,1,69
style.css,55,css,77c1948f,Matthew Paoletta,2026-04-02,23:58:22,-07:00,2026-04-02T23:58:22-07:00,0,0
style.css,56,css,77c1948f,Matthew Paoletta,2026-04-02,23:58:22,-07:00,2026-04-02T23:58:22-07:00,0,0
style.css,57,css,d2d750da,Matthew Paoletta,2026-04-02,23:51:17,-07:00,2026-04-02T23:51:17-07:00,0,3
style.css,58,css,06eb2174,Matthew Paoletta,2026-04-02,23:54:46,-07:00,2026-04-02T23:54:46-07:00,2,10
style.css,59,css,06eb2174,Matthew Paoletta,2026-04-02,23:54:46,-07:00,2026-04-02T23:54:46-07:00,2,15
style.css,60,css,06eb2174,Matthew Paoletta,2026-04-02,23:54:46,-07:00,2026-04-02T23:54:46-07:00,2,11
style.css,61,css,06eb2174,Matthew Paoletta,2026-04-02,23:54:46,-07:00,2026-04-02T23:54:46-07:00,2,13
style.css,62,css,f5490dcf,Matthew Paoletta,2026-04-10,15:32:28,-07:00,2026-04-10T15:32:28-07:00,0,0
style.css,63,css,f5490dcf,Matthew Paoletta,2026-04-10,15:32:28,-07:00,2026-04-10T15:32:28-07:00,0,0
style.css,64,css,f5490dcf,Matthew Paoletta,2026-04-10,15:32:28,-07:00,2026-04-10T15:32:28-07:00,0,4
style.css,65,css,f5490dcf,Matthew Paoletta,2026-04-10,15:32:28,-07:00,2026-04-10T15:32:28-07:00,1,12
style.css,66,css,f5490dcf,Matthew Paoletta,2026-04-10,15:32:28,-07:00,2026-04-10T15:32:28-07:00,1,30
style.css,67,css,f5490dcf,Matthew Paoletta,2026-04-10,15:32:28,-07:00,2026-04-10T15:32:28-07:00,1,7
style.css,68,css,f5490dcf,Matthew Paoletta,2026-04-10,15:32:28,-07:00,2026-04-10T15:32:28-07:00,0,0
style.css,69,css,f5490dcf,Matthew Paoletta,2026-04-10,15:32:28,-07:00,2026-04-10T15:32:28-07:00,0,0
style.css,70,css,f5490dcf,Matthew Paoletta,2026-04-10,15:32:28,-07:00,2026-04-10T15:32:28-07:00,0,5
style.css,71,css,f5490dcf,Matthew Paoletta,2026-04-10,15:32:28,-07:00,2026-04-10T15:32:28-07:00,1,12
style.css,72,css,f5490dcf,Matthew Paoletta,2026-04-10,15:32:28,-07:00,2026-04-10T15:32:28-07:00,1,29
style.css,73,css,f5490dcf,Matthew Paoletta,2026-04-10,15:32:28,-07:00,2026-04-10T15:32:28-07:00,1,18
style.css,74,css,f5490dcf,Matthew Paoletta,2026-04-10,15:32:28,-07:00,2026-04-10T15:32:28-07:00,0,0
style.css,75,css,f5490dcf,Matthew Paoletta,2026-04-10,15:32:28,-07:00,2026-04-10T15:32:28-07:00,0,0
style.css,76,css,f5490dcf,Matthew Paoletta,2026-04-10,15:32:28,-07:00,2026-04-10T15:32:28-07:00,0,4
style.css,77,css,f5490dcf,Matthew Paoletta,2026-04-10,15:32:28,-07:00,2026-04-10T15:32:28-07:00,0,7
style.css,78,css,dcfbef51,Matthew Paoletta,2026-04-16,21:56:18,-07:00,2026-04-16T21:56:18-07:00,0,5
style.css,79,css,dcfbef51,Matthew Paoletta,2026-04-16,21:56:18,-07:00,2026-04-16T21:56:18-07:00,0,6
style.css,80,css,f5490dcf,Matthew Paoletta,2026-04-10,15:32:28,-07:00,2026-04-10T15:32:28-07:00,1,12
style.css,81,css,f5490dcf,Matthew Paoletta,2026-04-10,15:32:28,-07:00,2026-04-10T15:32:28-07:00,0,0
style.css,82,css,f5490dcf,Matthew Paoletta,2026-04-10,15:32:28,-07:00,2026-04-10T15:32:28-07:00,0,0
style.css,83,css,f5490dcf,Matthew Paoletta,2026-04-10,15:32:28,-07:00,2026-04-10T15:32:28-07:00,0,6
style.css,84,css,f5490dcf,Matthew Paoletta,2026-04-10,15:32:28,-07:00,2026-04-10T15:32:28-07:00,1,18
style.css,85,css,f5490dcf,Matthew Paoletta,2026-04-10,15:32:28,-07:00,2026-04-10T15:32:28-07:00,0,0
style.css,86,css,f5490dcf,Matthew Paoletta,2026-04-10,15:32:28,-07:00,2026-04-10T15:32:28-07:00,0,0
style.css,87,css,f5490dcf,Matthew Paoletta,2026-04-10,15:32:28,-07:00,2026-04-10T15:32:28-07:00,0,9
style.css,88,css,f5490dcf,Matthew Paoletta,2026-04-10,15:32:28,-07:00,2026-04-10T15:32:28-07:00,1,12
style.css,89,css,e075b2ba,Matthew Paoletta,2026-04-10,15:53:37,-07:00,2026-04-10T15:53:37-07:00,1,58
style.css,90,css,e075b2ba,Matthew Paoletta,2026-04-10,15:53:37,-07:00,2026-04-10T15:53:37-07:00,1,9
style.css,91,css,f5490dcf,Matthew Paoletta,2026-04-10,15:32:28,-07:00,2026-04-10T15:32:28-07:00,0,0
style.css,92,css,f5490dcf,Matthew Paoletta,2026-04-10,15:32:28,-07:00,2026-04-10T15:32:28-07:00,0,0
style.css,93,css,f5490dcf,Matthew Paoletta,2026-04-10,15:32:28,-07:00,2026-04-10T15:32:28-07:00,0,17
style.css,94,css,f5490dcf,Matthew Paoletta,2026-04-10,15:32:28,-07:00,2026-04-10T15:32:28-07:00,1,12
style.css,95,css,f5490dcf,Matthew Paoletta,2026-04-10,15:32:28,-07:00,2026-04-10T15:32:28-07:00,1,26
style.css,96,css,f5490dcf,Matthew Paoletta,2026-04-10,15:32:28,-07:00,2026-04-10T15:32:28-07:00,1,15
style.css,97,css,e075b2ba,Matthew Paoletta,2026-04-10,15:53:37,-07:00,2026-04-10T15:53:37-07:00,1,10
style.css,98,css,e075b2ba,Matthew Paoletta,2026-04-10,15:53:37,-07:00,2026-04-10T15:53:37-07:00,1,19
style.css,99,css,f5490dcf,Matthew Paoletta,2026-04-10,15:32:28,-07:00,2026-04-10T15:32:28-07:00,0,0
style.css,100,css,f5490dcf,Matthew Paoletta,2026-04-10,15:32:28,-07:00,2026-04-10T15:32:28-07:00,0,0
style.css,101,css,f5490dcf,Matthew Paoletta,2026-04-10,15:32:28,-07:00,2026-04-10T15:32:28-07:00,0,12
style.css,102,css,f5490dcf,Matthew Paoletta,2026-04-10,15:32:28,-07:00,2026-04-10T15:32:28-07:00,1,8
style.css,103,css,e075b2ba,Matthew Paoletta,2026-04-10,15:53:37,-07:00,2026-04-10T15:53:37-07:00,1,16
style.css,104,css,e075b2ba,Matthew Paoletta,2026-04-10,15:53:37,-07:00,2026-04-10T15:53:37-07:00,0,0
style.css,105,css,e075b2ba,Matthew Paoletta,2026-04-10,15:53:37,-07:00,2026-04-10T15:53:37-07:00,0,0
style.css,106,css,e075b2ba,Matthew Paoletta,2026-04-10,15:53:37,-07:00,2026-04-10T15:53:37-07:00,0,11
style.css,107,css,e075b2ba,Matthew Paoletta,2026-04-10,15:53:37,-07:00,2026-04-10T15:53:37-07:00,1,8
style.css,108,css,e075b2ba,Matthew Paoletta,2026-04-10,15:53:37,-07:00,2026-04-10T15:53:37-07:00,0,0
style.css,109,css,e075b2ba,Matthew Paoletta,2026-04-10,15:53:37,-07:00,2026-04-10T15:53:37-07:00,0,0
style.css,110,css,e075b2ba,Matthew Paoletta,2026-04-10,15:53:37,-07:00,2026-04-10T15:53:37-07:00,0,13
style.css,111,css,e075b2ba,Matthew Paoletta,2026-04-10,15:53:37,-07:00,2026-04-10T15:53:37-07:00,1,20
style.css,112,css,e075b2ba,Matthew Paoletta,2026-04-10,15:53:37,-07:00,2026-04-10T15:53:37-07:00,1,17
style.css,113,css,f5490dcf,Matthew Paoletta,2026-04-10,15:32:28,-07:00,2026-04-10T15:32:28-07:00,0,0
style.css,114,css,f5490dcf,Matthew Paoletta,2026-04-10,15:32:28,-07:00,2026-04-10T15:32:28-07:00,0,0
style.css,115,css,fdb7e9a9,mpaoletta73,2026-05-01,14:07:31,-07:00,2026-05-01T14:07:31-07:00,0,13
style.css,116,css,fdb7e9a9,mpaoletta73,2026-05-01,14:07:31,-07:00,2026-05-01T14:07:31-07:00,1,16
style.css,117,css,fdb7e9a9,mpaoletta73,2026-05-01,14:07:31,-07:00,2026-05-01T14:07:31-07:00,0,0
style.css,118,css,fdb7e9a9,mpaoletta73,2026-05-01,14:07:31,-07:00,2026-05-01T14:07:31-07:00,0,0
style.css,119,css,fdb7e9a9,mpaoletta73,2026-05-01,14:07:31,-07:00,2026-05-01T14:07:31-07:00,0,18
style.css,120,css,fdb7e9a9,mpaoletta73,2026-05-01,14:07:31,-07:00,2026-05-01T14:07:31-07:00,1,14
style.css,121,css,fdb7e9a9,mpaoletta73,2026-05-01,14:07:31,-07:00,2026-05-01T14:07:31-07:00,1,16
style.css,122,css,fdb7e9a9,mpaoletta73,2026-05-01,14:07:31,-07:00,2026-05-01T14:07:31-07:00,1,16
style.css,123,css,fdb7e9a9,mpaoletta73,2026-05-01,14:07:31,-07:00,2026-05-01T14:07:31-07:00,0,0
style.css,124,css,fdb7e9a9,mpaoletta73,2026-05-01,14:07:31,-07:00,2026-05-01T14:07:31-07:00,0,0
style.css,125,css,fdb7e9a9,mpaoletta73,2026-05-01,14:07:31,-07:00,2026-05-01T14:07:31-07:00,0,10
style.css,126,css,fdb7e9a9,mpaoletta73,2026-05-01,14:07:31,-07:00,2026-05-01T14:07:31-07:00,1,12
style.css,127,css,fdb7e9a9,mpaoletta73,2026-05-01,14:07:31,-07:00,2026-05-01T14:07:31-07:00,1,18
style.css,128,css,fdb7e9a9,mpaoletta73,2026-05-01,14:07:31,-07:00,2026-05-01T14:07:31-07:00,1,7
style.css,129,css,fdb7e9a9,mpaoletta73,2026-05-01,14:07:31,-07:00,2026-05-01T14:07:31-07:00,1,14
style.css,130,css,fdb7e9a9,mpaoletta73,2026-05-01,14:07:31,-07:00,2026-05-01T14:07:31-07:00,0,0
style.css,131,css,fdb7e9a9,mpaoletta73,2026-05-01,14:07:31,-07:00,2026-05-01T14:07:31-07:00,0,0
style.css,132,css,fdb7e9a9,mpaoletta73,2026-05-01,14:07:31,-07:00,2026-05-01T14:07:31-07:00,0,7
style.css,133,css,fdb7e9a9,mpaoletta73,2026-05-01,14:07:31,-07:00,2026-05-01T14:07:31-07:00,1,12
style.css,134,css,fdb7e9a9,mpaoletta73,2026-05-01,14:07:31,-07:00,2026-05-01T14:07:31-07:00,1,57
style.css,135,css,fdb7e9a9,mpaoletta73,2026-05-01,14:07:31,-07:00,2026-05-01T14:07:31-07:00,1,10
style.css,136,css,fdb7e9a9,mpaoletta73,2026-05-01,14:07:31,-07:00,2026-05-01T14:07:31-07:00,1,60
style.css,137,css,fdb7e9a9,mpaoletta73,2026-05-01,14:07:31,-07:00,2026-05-01T14:07:31-07:00,1,11
style.css,138,css,fdb7e9a9,mpaoletta73,2026-05-01,14:07:31,-07:00,2026-05-01T14:07:31-07:00,1,8
style.css,139,css,fdb7e9a9,mpaoletta73,2026-05-01,14:07:31,-07:00,2026-05-01T14:07:31-07:00,1,15
style.css,140,css,fdb7e9a9,mpaoletta73,2026-05-01,14:07:31,-07:00,2026-05-01T14:07:31-07:00,1,6
style.css,141,css,fdb7e9a9,mpaoletta73,2026-05-01,14:07:31,-07:00,2026-05-01T14:07:31-07:00,0,0
style.css,142,css,fdb7e9a9,mpaoletta73,2026-05-01,14:07:31,-07:00,2026-05-01T14:07:31-07:00,0,0
style.css,143,css,fdb7e9a9,mpaoletta73,2026-05-01,14:07:31,-07:00,2026-05-01T14:07:31-07:00,0,12
style.css,144,css,fdb7e9a9,mpaoletta73,2026-05-01,14:07:31,-07:00,2026-05-01T14:07:31-07:00,1,12
style.css,145,css,fdb7e9a9,mpaoletta73,2026-05-01,14:07:31,-07:00,2026-05-01T14:07:31-07:00,1,18
style.css,146,css,fdb7e9a9,mpaoletta73,2026-05-01,14:07:31,-07:00,2026-05-01T14:07:31-07:00,1,9
style.css,147,css,fdb7e9a9,mpaoletta73,2026-05-01,14:07:31,-07:00,2026-05-01T14:07:31-07:00,0,0
style.css,148,css,fdb7e9a9,mpaoletta73,2026-05-01,14:07:31,-07:00,2026-05-01T14:07:31-07:00,0,0
style.css,149,css,fdb7e9a9,mpaoletta73,2026-05-01,14:07:31,-07:00,2026-05-01T14:07:31-07:00,0,7
style.css,150,css,fdb7e9a9,mpaoletta73,2026-05-01,14:07:31,-07:00,2026-05-01T14:07:31-07:00,1,20
style.css,151,css,fdb7e9a9,mpaoletta73,2026-05-01,14:07:31,-07:00,2026-05-01T14:07:31-07:00,1,9
style.css,152,css,fdb7e9a9,mpaoletta73,2026-05-01,14:07:31,-07:00,2026-05-01T14:07:31-07:00,1,18
style.css,153,css,fdb7e9a9,mpaoletta73,2026-05-01,14:07:31,-07:00,2026-05-01T14:07:31-07:00,1,29
style.css,154,css,fdb7e9a9,mpaoletta73,2026-05-01,14:07:31,-07:00,2026-05-01T14:07:31-07:00,1,17
style.css,155,css,fdb7e9a9,mpaoletta73,2026-05-01,14:07:31,-07:00,2026-05-01T14:07:31-07:00,1,13
style.css,156,css,fdb7e9a9,mpaoletta73,2026-05-01,14:07:31,-07:00,2026-05-01T14:07:31-07:00,0,0
style.css,157,css,fdb7e9a9,mpaoletta73,2026-05-01,14:07:31,-07:00,2026-05-01T14:07:31-07:00,0,0
style.css,158,css,fdb7e9a9,mpaoletta73,2026-05-01,14:07:31,-07:00,2026-05-01T14:07:31-07:00,0,4
style.css,159,css,fdb7e9a9,mpaoletta73,2026-05-01,14:07:31,-07:00,2026-05-01T14:07:31-07:00,1,16
style.css,160,css,fdb7e9a9,mpaoletta73,2026-05-01,14:07:31,-07:00,2026-05-01T14:07:31-07:00,1,14
style.css,161,css,fdb7e9a9,mpaoletta73,2026-05-01,14:07:31,-07:00,2026-05-01T14:07:31-07:00,0,0
style.css,162,css,fdb7e9a9,mpaoletta73,2026-05-01,14:07:31,-07:00,2026-05-01T14:07:31-07:00,0,0
style.css,163,css,fdb7e9a9,mpaoletta73,2026-05-01,14:07:31,-07:00,2026-05-01T14:07:31-07:00,0,51
style.css,164,css,fdb7e9a9,mpaoletta73,2026-05-01,14:07:31,-07:00,2026-05-01T14:07:31-07:00,1,11
style.css,165,css,fdb7e9a9,mpaoletta73,2026-05-01,14:07:31,-07:00,2026-05-01T14:07:31-07:00,0,0
style.css,166,css,fdb7e9a9,mpaoletta73,2026-05-01,14:07:31,-07:00,2026-05-01T14:07:31-07:00,0,0
style.css,167,css,fdb7e9a9,mpaoletta73,2026-05-01,14:07:31,-07:00,2026-05-01T14:07:31-07:00,0,9
style.css,168,css,fdb7e9a9,mpaoletta73,2026-05-01,14:07:31,-07:00,2026-05-01T14:07:31-07:00,1,35
style.css,169,css,fdb7e9a9,mpaoletta73,2026-05-01,14:07:31,-07:00,2026-05-01T14:07:31-07:00,0,0
style.css,170,css,fdb7e9a9,mpaoletta73,2026-05-01,14:07:31,-07:00,2026-05-01T14:07:31-07:00,0,0
style.css,171,css,fdb7e9a9,mpaoletta73,2026-05-01,14:07:31,-07:00,2026-05-01T14:07:31-07:00,0,18
style.css,172,css,fdb7e9a9,mpaoletta73,2026-05-01,14:07:31,-07:00,2026-05-01T14:07:31-07:00,1,17
style.css,173,css,fdb7e9a9,mpaoletta73,2026-05-01,14:07:31,-07:00,2026-05-01T14:07:31-07:00,0,0
style.css,174,css,fdb7e9a9,mpaoletta73,2026-05-01,14:07:31,-07:00,2026-05-01T14:07:31-07:00,0,0
style.css,175,css,fdb7e9a9,mpaoletta73,2026-05-01,14:07:31,-07:00,2026-05-01T14:07:31-07:00,0,13
style.css,176,css,fdb7e9a9,mpaoletta73,2026-05-01,14:07:31,-07:00,2026-05-01T14:07:31-07:00,1,80
style.css,177,css,fdb7e9a9,mpaoletta73,2026-05-01,14:07:31,-07:00,2026-05-01T14:07:31-07:00,1,34
style.css,178,css,fdb7e9a9,mpaoletta73,2026-05-01,14:07:31,-07:00,2026-05-01T14:07:31-07:00,1,17
style.css,179,css,fdb7e9a9,mpaoletta73,2026-05-01,14:07:31,-07:00,2026-05-01T14:07:31-07:00,1,25
style.css,180,css,fdb7e9a9,mpaoletta73,2026-05-01,14:07:31,-07:00,2026-05-01T14:07:31-07:00,1,8
style.css,181,css,fdb7e9a9,mpaoletta73,2026-05-01,14:07:31,-07:00,2026-05-01T14:07:31-07:00,0,0
style.css,182,css,fdb7e9a9,mpaoletta73,2026-05-01,14:07:31,-07:00,2026-05-01T14:07:31-07:00,0,0
style.css,183,css,5cbd9ebc,Matthew Paoletta,2026-04-23,14:54:01,-07:00,2026-04-23T14:54:01-07:00,0,0
style.css,184,css,ce49fe66,Matthew Paoletta,2026-04-23,14:26:29,-07:00,2026-04-23T14:26:29-07:00,0,0
style.css,185,css,f5490dcf,Matthew Paoletta,2026-04-10,15:32:28,-07:00,2026-04-10T15:32:28-07:00,0,2
style.css,186,css,f5490dcf,Matthew Paoletta,2026-04-10,15:32:28,-07:00,2026-04-10T15:32:28-07:00,1,14
style.css,187,css,f5490dcf,Matthew Paoletta,2026-04-10,15:32:28,-07:00,2026-04-10T15:32:28-07:00,0,0
style.css,188,css,f5490dcf,Matthew Paoletta,2026-04-10,15:32:28,-07:00,2026-04-10T15:32:28-07:00,0,0
style.css,189,css,f5490dcf,Matthew Paoletta,2026-04-10,15:32:28,-07:00,2026-04-10T15:32:28-07:00,0,22
style.css,190,css,f5490dcf,Matthew Paoletta,2026-04-10,15:32:28,-07:00,2026-04-10T15:32:28-07:00,1,15
style.css,191,css,f5490dcf,Matthew Paoletta,2026-04-10,15:32:28,-07:00,2026-04-10T15:32:28-07:00,1,17
style.css,192,css,f5490dcf,Matthew Paoletta,2026-04-10,15:32:28,-07:00,2026-04-10T15:32:28-07:00,0,0
style.css,193,css,f5490dcf,Matthew Paoletta,2026-04-10,15:32:28,-07:00,2026-04-10T15:32:28-07:00,0,0
style.css,194,css,f5490dcf,Matthew Paoletta,2026-04-10,15:32:28,-07:00,2026-04-10T15:32:28-07:00,0,7
style.css,195,css,f5490dcf,Matthew Paoletta,2026-04-10,15:32:28,-07:00,2026-04-10T15:32:28-07:00,1,16
style.css,196,css,f5490dcf,Matthew Paoletta,2026-04-10,15:32:28,-07:00,2026-04-10T15:32:28-07:00,0,0
style.css,197,css,f5490dcf,Matthew Paoletta,2026-04-10,15:32:28,-07:00,2026-04-10T15:32:28-07:00,0,0
style.css,198,css,f5490dcf,Matthew Paoletta,2026-04-10,15:32:28,-07:00,2026-04-10T15:32:28-07:00,0,2
style.css,199,css,f5490dcf,Matthew Paoletta,2026-04-10,15:32:28,-07:00,2026-04-10T15:32:28-07:00,1,18
style.css,200,css,dcfbef51,Matthew Paoletta,2026-04-16,21:56:18,-07:00,2026-04-16T21:56:18-07:00,0,0
style.css,201,css,dcfbef51,Matthew Paoletta,2026-04-16,21:56:18,-07:00,2026-04-16T21:56:18-07:00,0,0
style.css,202,css,dcfbef51,Matthew Paoletta,2026-04-16,21:56:18,-07:00,2026-04-16T21:56:18-07:00,0,13
style.css,203,css,dcfbef51,Matthew Paoletta,2026-04-16,21:56:18,-07:00,2026-04-16T21:56:18-07:00,1,17
style.css,204,css,dcfbef51,Matthew Paoletta,2026-04-16,21:56:18,-07:00,2026-04-16T21:56:18-07:00,1,8
style.css,205,css,dcfbef51,Matthew Paoletta,2026-04-16,21:56:18,-07:00,2026-04-16T21:56:18-07:00,1,10
style.css,206,css,dcfbef51,Matthew Paoletta,2026-04-16,21:56:18,-07:00,2026-04-16T21:56:18-07:00,1,13
style.css,207,css,dcfbef51,Matthew Paoletta,2026-04-16,21:56:18,-07:00,2026-04-16T21:56:18-07:00,1,19
style.css,208,css,dcfbef51,Matthew Paoletta,2026-04-16,21:56:18,-07:00,2026-04-16T21:56:18-07:00,1,12
style.css,209,css,dcfbef51,Matthew Paoletta,2026-04-16,21:56:18,-07:00,2026-04-16T21:56:18-07:00,1,18
style.css,210,css,dcfbef51,Matthew Paoletta,2026-04-16,21:56:18,-07:00,2026-04-16T21:56:18-07:00,1,10
style.css,211,css,78f41e59,Matthew Paoletta,2026-04-16,22:01:44,-07:00,2026-04-16T22:01:44-07:00,0,0
style.css,212,css,78f41e59,Matthew Paoletta,2026-04-16,22:01:44,-07:00,2026-04-16T22:01:44-07:00,0,0
style.css,213,css,78f41e59,Matthew Paoletta,2026-04-16,22:01:44,-07:00,2026-04-16T22:01:44-07:00,0,12
style.css,214,css,78f41e59,Matthew Paoletta,2026-04-16,22:01:44,-07:00,2026-04-16T22:01:44-07:00,1,14
style.css,215,css,9233f216,Matthew Paoletta,2026-04-23,14:19:00,-07:00,2026-04-23T14:19:00-07:00,0,0
style.css,216,css,9233f216,Matthew Paoletta,2026-04-23,14:19:00,-07:00,2026-04-23T14:19:00-07:00,0,0
style.css,217,css,9233f216,Matthew Paoletta,2026-04-23,14:19:00,-07:00,2026-04-23T14:19:00-07:00,0,14
style.css,218,css,9233f216,Matthew Paoletta,2026-04-23,14:19:00,-07:00,2026-04-23T14:19:00-07:00,1,22
style.css,219,css,9233f216,Matthew Paoletta,2026-04-23,14:19:00,-07:00,2026-04-23T14:19:00-07:00,0,0
style.css,220,css,9233f216,Matthew Paoletta,2026-04-23,14:19:00,-07:00,2026-04-23T14:19:00-07:00,0,0
style.css,221,css,9233f216,Matthew Paoletta,2026-04-23,14:19:00,-07:00,2026-04-23T14:19:00-07:00,0,17
style.css,222,css,9233f216,Matthew Paoletta,2026-04-23,14:19:00,-07:00,2026-04-23T14:19:00-07:00,1,12
style.css,223,css,9233f216,Matthew Paoletta,2026-04-23,14:19:00,-07:00,2026-04-23T14:19:00-07:00,1,47
style.css,224,css,9233f216,Matthew Paoletta,2026-04-23,14:19:00,-07:00,2026-04-23T14:19:00-07:00,1,15
style.css,225,css,9233f216,Matthew Paoletta,2026-04-23,14:19:00,-07:00,2026-04-23T14:19:00-07:00,1,8
style.css,226,css,9233f216,Matthew Paoletta,2026-04-23,14:19:00,-07:00,2026-04-23T14:19:00-07:00,1,12
style.css,227,css,9233f216,Matthew Paoletta,2026-04-23,14:19:00,-07:00,2026-04-23T14:19:00-07:00,1,69
style.css,228,css,9233f216,Matthew Paoletta,2026-04-23,14:19:00,-07:00,2026-04-23T14:19:00-07:00,1,20
style.css,229,css,9233f216,Matthew Paoletta,2026-04-23,14:19:00,-07:00,2026-04-23T14:19:00-07:00,0,0
style.css,230,css,9233f216,Matthew Paoletta,2026-04-23,14:19:00,-07:00,2026-04-23T14:19:00-07:00,0,0
style.css,231,css,9233f216,Matthew Paoletta,2026-04-23,14:19:00,-07:00,2026-04-23T14:19:00-07:00,0,16
style.css,232,css,9233f216,Matthew Paoletta,2026-04-23,14:19:00,-07:00,2026-04-23T14:19:00-07:00,0,17
style.css,233,css,9233f216,Matthew Paoletta,2026-04-23,14:19:00,-07:00,2026-04-23T14:19:00-07:00,1,8
style.css,234,css,9233f216,Matthew Paoletta,2026-04-23,14:19:00,-07:00,2026-04-23T14:19:00-07:00,1,17
style.css,235,css,9233f216,Matthew Paoletta,2026-04-23,14:19:00,-07:00,2026-04-23T14:19:00-07:00,0,0
style.css,236,css,9233f216,Matthew Paoletta,2026-04-23,14:19:00,-07:00,2026-04-23T14:19:00-07:00,0,0
style.css,237,css,9233f216,Matthew Paoletta,2026-04-23,14:19:00,-07:00,2026-04-23T14:19:00-07:00,0,17
style.css,238,css,9233f216,Matthew Paoletta,2026-04-23,14:19:00,-07:00,2026-04-23T14:19:00-07:00,1,10
style.css,239,css,9233f216,Matthew Paoletta,2026-04-23,14:19:00,-07:00,2026-04-23T14:19:00-07:00,1,15
style.css,240,css,9233f216,Matthew Paoletta,2026-04-23,14:19:00,-07:00,2026-04-23T14:19:00-07:00,1,16
style.css,241,css,9233f216,Matthew Paoletta,2026-04-23,14:19:00,-07:00,2026-04-23T14:19:00-07:00,1,49
style.css,242,css,9233f216,Matthew Paoletta,2026-04-23,14:19:00,-07:00,2026-04-23T14:19:00-07:00,0,0
style.css,243,css,9233f216,Matthew Paoletta,2026-04-23,14:19:00,-07:00,2026-04-23T14:19:00-07:00,0,0
style.css,244,css,9233f216,Matthew Paoletta,2026-04-23,14:19:00,-07:00,2026-04-23T14:19:00-07:00,0,17
style.css,245,css,9233f216,Matthew Paoletta,2026-04-23,14:19:00,-07:00,2026-04-23T14:19:00-07:00,1,10
style.css,246,css,9233f216,Matthew Paoletta,2026-04-23,14:19:00,-07:00,2026-04-23T14:19:00-07:00,1,16
style.css,247,css,9233f216,Matthew Paoletta,2026-04-23,14:19:00,-07:00,2026-04-23T14:19:00-07:00,1,15
style.css,248,css,9233f216,Matthew Paoletta,2026-04-23,14:19:00,-07:00,2026-04-23T14:19:00-07:00,0,0
style.css,249,css,9233f216,Matthew Paoletta,2026-04-23,14:19:00,-07:00,2026-04-23T14:19:00-07:00,0,0
style.css,250,css,9233f216,Matthew Paoletta,2026-04-23,14:19:00,-07:00,2026-04-23T14:19:00-07:00,0,25
style.css,251,css,9233f216,Matthew Paoletta,2026-04-23,14:19:00,-07:00,2026-04-23T14:19:00-07:00,1,17
style.css,252,css,9233f216,Matthew Paoletta,2026-04-23,14:19:00,-07:00,2026-04-23T14:19:00-07:00,2,47
style.css,253,css,9233f216,Matthew Paoletta,2026-04-23,14:19:00,-07:00,2026-04-23T14:19:00-07:00,1,0
style.css,254,css,9233f216,Matthew Paoletta,2026-04-23,14:19:00,-07:00,2026-04-23T14:19:00-07:00,0,0
style.css,255,css,9233f216,Matthew Paoletta,2026-04-23,14:19:00,-07:00,2026-04-23T14:19:00-07:00,1,31
style.css,256,css,9233f216,Matthew Paoletta,2026-04-23,14:19:00,-07:00,2026-04-23T14:19:00-07:00,1,32
style.css,257,css,9233f216,Matthew Paoletta,2026-04-23,14:19:00,-07:00,2026-04-23T14:19:00-07:00,2,10
style.css,258,css,9233f216,Matthew Paoletta,2026-04-23,14:19:00,-07:00,2026-04-23T14:19:00-07:00,1,0
style.css,259,css,9233f216,Matthew Paoletta,2026-04-23,14:19:00,-07:00,2026-04-23T14:19:00-07:00,0,0
style.css,260,css,9233f216,Matthew Paoletta,2026-04-23,14:19:00,-07:00,2026-04-23T14:19:00-07:00,1,31
style.css,261,css,9233f216,Matthew Paoletta,2026-04-23,14:19:00,-07:00,2026-04-23T14:19:00-07:00,1,32
style.css,262,css,9233f216,Matthew Paoletta,2026-04-23,14:19:00,-07:00,2026-04-23T14:19:00-07:00,2,10
style.css,263,css,9233f216,Matthew Paoletta,2026-04-23,14:19:00,-07:00,2026-04-23T14:19:00-07:00,1,0
style.css,264,css,9233f216,Matthew Paoletta,2026-04-23,14:19:00,-07:00,2026-04-23T14:19:00-07:00,0,0
style.css,265,css,9233f216,Matthew Paoletta,2026-04-23,14:19:00,-07:00,2026-04-23T14:19:00-07:00,1,31
style.css,266,css,9233f216,Matthew Paoletta,2026-04-23,14:19:00,-07:00,2026-04-23T14:19:00-07:00,1,32
style.css,267,css,9233f216,Matthew Paoletta,2026-04-23,14:19:00,-07:00,2026-04-23T14:19:00-07:00,2,10
style.css,268,css,9233f216,Matthew Paoletta,2026-04-23,14:19:00,-07:00,2026-04-23T14:19:00-07:00,1,0
style.css,269,css,9233f216,Matthew Paoletta,2026-04-23,14:19:00,-07:00,2026-04-23T14:19:00-07:00,0,0
style.css,270,css,9233f216,Matthew Paoletta,2026-04-23,14:19:00,-07:00,2026-04-23T14:19:00-07:00,1,31
style.css,271,css,9233f216,Matthew Paoletta,2026-04-23,14:19:00,-07:00,2026-04-23T14:19:00-07:00,1,32
style.css,272,css,9233f216,Matthew Paoletta,2026-04-23,14:19:00,-07:00,2026-04-23T14:19:00-07:00,2,10
style.css,273,css,9233f216,Matthew Paoletta,2026-04-23,14:19:00,-07:00,2026-04-23T14:19:00-07:00,1,0
style.css,274,css,5437c720,Matthew Paoletta,2026-04-02,23:14:18,-07:00,2026-04-02T23:14:18-07:00,0,0
index.js,1,js,9233f216,Matthew Paoletta,2026-04-23,14:19:00,-07:00,2026-04-23T14:19:00-07:00,0,71
index.js,2,js,9233f216,Matthew Paoletta,2026-04-23,14:19:00,-07:00,2026-04-23T14:19:00-07:00,0,0
index.js,3,js,9233f216,Matthew Paoletta,2026-04-23,14:19:00,-07:00,2026-04-23T14:19:00-07:00,0,54
index.js,4,js,9233f216,Matthew Paoletta,2026-04-23,14:19:00,-07:00,2026-04-23T14:19:00-07:00,0,73
index.js,5,js,9233f216,Matthew Paoletta,2026-04-23,14:19:00,-07:00,2026-04-23T14:19:00-07:00,0,0
index.js,6,js,9233f216,Matthew Paoletta,2026-04-23,14:19:00,-07:00,2026-04-23T14:19:00-07:00,0,60
index.js,7,js,9233f216,Matthew Paoletta,2026-04-23,14:19:00,-07:00,2026-04-23T14:19:00-07:00,0,22
index.js,8,js,9233f216,Matthew Paoletta,2026-04-23,14:19:00,-07:00,2026-04-23T14:19:00-07:00,1,54
index.js,9,js,9233f216,Matthew Paoletta,2026-04-23,14:19:00,-07:00,2026-04-23T14:19:00-07:00,0,0
index.js,10,js,9233f216,Matthew Paoletta,2026-04-23,14:19:00,-07:00,2026-04-23T14:19:00-07:00,0,0
index.js,11,js,9233f216,Matthew Paoletta,2026-04-23,14:19:00,-07:00,2026-04-23T14:19:00-07:00,0,54
index.js,12,js,9233f216,Matthew Paoletta,2026-04-23,14:19:00,-07:00,2026-04-23T14:19:00-07:00,0,60
index.js,13,js,9233f216,Matthew Paoletta,2026-04-23,14:19:00,-07:00,2026-04-23T14:19:00-07:00,0,0
index.js,14,js,9233f216,Matthew Paoletta,2026-04-23,14:19:00,-07:00,2026-04-23T14:19:00-07:00,0,31
index.js,15,js,9233f216,Matthew Paoletta,2026-04-23,14:19:00,-07:00,2026-04-23T14:19:00-07:00,1,24
index.js,16,js,9233f216,Matthew Paoletta,2026-04-23,14:19:00,-07:00,2026-04-23T14:19:00-07:00,2,2
index.js,17,js,9233f216,Matthew Paoletta,2026-04-23,14:19:00,-07:00,2026-04-23T14:19:00-07:00,3,55
index.js,18,js,9233f216,Matthew Paoletta,2026-04-23,14:19:00,-07:00,2026-04-23T14:19:00-07:00,3,55
index.js,19,js,9233f216,Matthew Paoletta,2026-04-23,14:19:00,-07:00,2026-04-23T14:19:00-07:00,3,49
index.js,20,js,9233f216,Matthew Paoletta,2026-04-23,14:19:00,-07:00,2026-04-23T14:19:00-07:00,3,49
index.js,21,js,9233f216,Matthew Paoletta,2026-04-23,14:19:00,-07:00,2026-04-23T14:19:00-07:00,2,3
index.js,22,js,9233f216,Matthew Paoletta,2026-04-23,14:19:00,-07:00,2026-04-23T14:19:00-07:00,1,0
index.js,23,js,9233f216,Matthew Paoletta,2026-04-23,14:19:00,-07:00,2026-04-23T14:19:00-07:00,0,0
index.html,1,html,e574230b,Matthew Paoletta,2026-04-02,22:32:19,-07:00,2026-04-02T22:32:19-07:00,0,13
index.html,2,html,e574230b,Matthew Paoletta,2026-04-02,22:32:19,-07:00,2026-04-02T22:32:19-07:00,0,14
index.html,3,html,e574230b,Matthew Paoletta,2026-04-02,22:32:19,-07:00,2026-04-02T22:32:19-07:00,0,4
index.html,4,html,e574230b,Matthew Paoletta,2026-04-02,22:32:19,-07:00,2026-04-02T22:32:19-07:00,2,20
index.html,5,html,e574230b,Matthew Paoletta,2026-04-02,22:32:19,-07:00,2026-04-02T22:32:19-07:00,2,68
index.html,6,html,e574230b,Matthew Paoletta,2026-04-02,22:32:19,-07:00,2026-04-02T22:32:19-07:00,2,58
index.html,7,html,3ee7e1df,Matthew Paoletta,2026-04-02,23:31:44,-07:00,2026-04-02T23:31:44-07:00,2,0
index.html,8,html,3ee7e1df,Matthew Paoletta,2026-04-02,23:31:44,-07:00,2026-04-02T23:31:44-07:00,2,38
index.html,9,html,e574230b,Matthew Paoletta,2026-04-02,22:32:19,-07:00,2026-04-02T22:32:19-07:00,0,5
index.html,10,html,e574230b,Matthew Paoletta,2026-04-02,22:32:19,-07:00,2026-04-02T22:32:19-07:00,0,4
index.html,11,html,3ee7e1df,Matthew Paoletta,2026-04-02,23:31:44,-07:00,2026-04-02T23:31:44-07:00,2,23
index.html,12,html,8b54ec49,Matthew Paoletta,2026-04-02,23:35:28,-07:00,2026-04-02T23:35:28-07:00,2,53
index.html,13,html,e574230b,Matthew Paoletta,2026-04-02,22:32:19,-07:00,2026-04-02T22:32:19-07:00,2,79
index.html,14,html,8b54ec49,Matthew Paoletta,2026-04-02,23:35:28,-07:00,2026-04-02T23:35:28-07:00,2,67
index.html,15,html,3ee7e1df,Matthew Paoletta,2026-04-02,23:31:44,-07:00,2026-04-02T23:31:44-07:00,2,45
index.html,16,html,9233f216,Matthew Paoletta,2026-04-23,14:19:00,-07:00,2026-04-23T14:19:00-07:00,2,22
index.html,17,html,9233f216,Matthew Paoletta,2026-04-23,14:19:00,-07:00,2026-04-23T14:19:00-07:00,2,26
index.html,18,html,9233f216,Matthew Paoletta,2026-04-23,14:19:00,-07:00,2026-04-23T14:19:00-07:00,2,27
index.html,19,html,9233f216,Matthew Paoletta,2026-04-23,14:19:00,-07:00,2026-04-23T14:19:00-07:00,2,28
index.html,20,html,dcfbef51,Matthew Paoletta,2026-04-16,21:56:18,-07:00,2026-04-16T21:56:18-07:00,2,45
index.html,21,html,9233f216,Matthew Paoletta,2026-04-23,14:19:00,-07:00,2026-04-23T14:19:00-07:00,2,50
index.html,22,html,e574230b,Matthew Paoletta,2026-04-02,22:32:19,-07:00,2026-04-02T22:32:19-07:00,0,5
index.html,23,html,e574230b,Matthew Paoletta,2026-04-02,22:32:19,-07:00,2026-04-02T22:32:19-07:00,0,5
global.js,1,js,dcfbef51,Matthew Paoletta,2026-04-16,21:56:18,-07:00,2026-04-16T21:56:18-07:00,0,25
global.js,2,js,dcfbef51,Matthew Paoletta,2026-04-16,21:56:18,-07:00,2026-04-16T21:56:18-07:00,0,0
global.js,3,js,dcfbef51,Matthew Paoletta,2026-04-16,21:56:18,-07:00,2026-04-16T21:56:18-07:00,0,41
global.js,4,js,dcfbef51,Matthew Paoletta,2026-04-16,21:56:18,-07:00,2026-04-16T21:56:18-07:00,1,52
global.js,5,js,dcfbef51,Matthew Paoletta,2026-04-16,21:56:18,-07:00,2026-04-16T21:56:18-07:00,0,0
global.js,6,js,dcfbef51,Matthew Paoletta,2026-04-16,21:56:18,-07:00,2026-04-16T21:56:18-07:00,0,0
global.js,7,js,ce49fe66,Matthew Paoletta,2026-04-23,14:26:29,-07:00,2026-04-23T14:26:29-07:00,0,22
global.js,8,js,dcfbef51,Matthew Paoletta,2026-04-16,21:56:18,-07:00,2026-04-16T21:56:18-07:00,1,68
global.js,9,js,dcfbef51,Matthew Paoletta,2026-04-16,21:56:18,-07:00,2026-04-16T21:56:18-07:00,2,3
global.js,10,js,dcfbef51,Matthew Paoletta,2026-04-16,21:56:18,-07:00,2026-04-16T21:56:18-07:00,2,14
global.js,11,js,dcfbef51,Matthew Paoletta,2026-04-16,21:56:18,-07:00,2026-04-16T21:56:18-07:00,0,0
global.js,12,js,dcfbef51,Matthew Paoletta,2026-04-16,21:56:18,-07:00,2026-04-16T21:56:18-07:00,0,13
global.js,13,js,dcfbef51,Matthew Paoletta,2026-04-16,21:56:18,-07:00,2026-04-16T21:56:18-07:00,1,25
global.js,14,js,dcfbef51,Matthew Paoletta,2026-04-16,21:56:18,-07:00,2026-04-16T21:56:18-07:00,1,38
global.js,15,js,dcfbef51,Matthew Paoletta,2026-04-16,21:56:18,-07:00,2026-04-16T21:56:18-07:00,1,36
global.js,16,js,dcfbef51,Matthew Paoletta,2026-04-16,21:56:18,-07:00,2026-04-16T21:56:18-07:00,1,34
global.js,17,js,00000000,Not Committed Yet,2026-05-07,12:53:20,-07:00,2026-05-07T12:53:20-07:00,1,30
global.js,18,js,dcfbef51,Matthew Paoletta,2026-04-16,21:56:18,-07:00,2026-04-16T21:56:18-07:00,1,57
global.js,19,js,dcfbef51,Matthew Paoletta,2026-04-16,21:56:18,-07:00,2026-04-16T21:56:18-07:00,0,0
global.js,20,js,dcfbef51,Matthew Paoletta,2026-04-16,21:56:18,-07:00,2026-04-16T21:56:18-07:00,0,0
global.js,21,js,dcfbef51,Matthew Paoletta,2026-04-16,21:56:18,-07:00,2026-04-16T21:56:18-07:00,0,31
global.js,22,js,dcfbef51,Matthew Paoletta,2026-04-16,21:56:18,-07:00,2026-04-16T21:56:18-07:00,1,11
global.js,23,js,dcfbef51,Matthew Paoletta,2026-04-16,21:56:18,-07:00,2026-04-16T21:56:18-07:00,1,0
global.js,24,js,dcfbef51,Matthew Paoletta,2026-04-16,21:56:18,-07:00,2026-04-16T21:56:18-07:00,2,26
global.js,25,js,dcfbef51,Matthew Paoletta,2026-04-16,21:56:18,-07:00,2026-04-16T21:56:18-07:00,3,4
global.js,26,js,dcfbef51,Matthew Paoletta,2026-04-16,21:56:18,-07:00,2026-04-16T21:56:18-07:00,3,6
global.js,27,js,dcfbef51,Matthew Paoletta,2026-04-16,21:56:18,-07:00,2026-04-16T21:56:18-07:00,4,43
global.js,28,js,dcfbef51,Matthew Paoletta,2026-04-16,21:56:18,-07:00,2026-04-16T21:56:18-07:00,4,34
global.js,29,js,dcfbef51,Matthew Paoletta,2026-04-16,21:56:18,-07:00,2026-04-16T21:56:18-07:00,4,32
global.js,30,js,dcfbef51,Matthew Paoletta,2026-04-16,21:56:18,-07:00,2026-04-16T21:56:18-07:00,3,7
global.js,31,js,dcfbef51,Matthew Paoletta,2026-04-16,21:56:18,-07:00,2026-04-16T21:56:18-07:00,2,8
global.js,32,js,dcfbef51,Matthew Paoletta,2026-04-16,21:56:18,-07:00,2026-04-16T21:56:18-07:00,0,0
global.js,33,js,dcfbef51,Matthew Paoletta,2026-04-16,21:56:18,-07:00,2026-04-16T21:56:18-07:00,0,0
global.js,34,js,dcfbef51,Matthew Paoletta,2026-04-16,21:56:18,-07:00,2026-04-16T21:56:18-07:00,0,40
global.js,35,js,dcfbef51,Matthew Paoletta,2026-04-16,21:56:18,-07:00,2026-04-16T21:56:18-07:00,0,25
global.js,36,js,dcfbef51,Matthew Paoletta,2026-04-16,21:56:18,-07:00,2026-04-16T21:56:18-07:00,0,0
global.js,37,js,dcfbef51,Matthew Paoletta,2026-04-16,21:56:18,-07:00,2026-04-16T21:56:18-07:00,0,20
global.js,38,js,dcfbef51,Matthew Paoletta,2026-04-16,21:56:18,-07:00,2026-04-16T21:56:18-07:00,1,14
global.js,39,js,dcfbef51,Matthew Paoletta,2026-04-16,21:56:18,-07:00,2026-04-16T21:56:18-07:00,1,52
global.js,40,js,dcfbef51,Matthew Paoletta,2026-04-16,21:56:18,-07:00,2026-04-16T21:56:18-07:00,0,0
global.js,41,js,dcfbef51,Matthew Paoletta,2026-04-16,21:56:18,-07:00,2026-04-16T21:56:18-07:00,1,36
global.js,42,js,dcfbef51,Matthew Paoletta,2026-04-16,21:56:18,-07:00,2026-04-16T21:56:18-07:00,1,11
global.js,43,js,dcfbef51,Matthew Paoletta,2026-04-16,21:56:18,-07:00,2026-04-16T21:56:18-07:00,1,22
global.js,44,js,dcfbef51,Matthew Paoletta,2026-04-16,21:56:18,-07:00,2026-04-16T21:56:18-07:00,0,0
global.js,45,js,dcfbef51,Matthew Paoletta,2026-04-16,21:56:18,-07:00,2026-04-16T21:56:18-07:00,1,17
global.js,46,js,dcfbef51,Matthew Paoletta,2026-04-16,21:56:18,-07:00,2026-04-16T21:56:18-07:00,2,8
global.js,47,js,dcfbef51,Matthew Paoletta,2026-04-16,21:56:18,-07:00,2026-04-16T21:56:18-07:00,2,59
global.js,48,js,dcfbef51,Matthew Paoletta,2026-04-16,21:56:18,-07:00,2026-04-16T21:56:18-07:00,1,0
global.js,49,js,dcfbef51,Matthew Paoletta,2026-04-16,21:56:18,-07:00,2026-04-16T21:56:18-07:00,0,0
global.js,50,js,dcfbef51,Matthew Paoletta,2026-04-16,21:56:18,-07:00,2026-04-16T21:56:18-07:00,1,29
global.js,51,js,dcfbef51,Matthew Paoletta,2026-04-16,21:56:18,-07:00,2026-04-16T21:56:18-07:00,2,18
global.js,52,js,dcfbef51,Matthew Paoletta,2026-04-16,21:56:18,-07:00,2026-04-16T21:56:18-07:00,2,28
global.js,53,js,dcfbef51,Matthew Paoletta,2026-04-16,21:56:18,-07:00,2026-04-16T21:56:18-07:00,1,0
global.js,54,js,dcfbef51,Matthew Paoletta,2026-04-16,21:56:18,-07:00,2026-04-16T21:56:18-07:00,0,0
global.js,55,js,dcfbef51,Matthew Paoletta,2026-04-16,21:56:18,-07:00,2026-04-16T21:56:18-07:00,1,12
global.js,56,js,dcfbef51,Matthew Paoletta,2026-04-16,21:56:18,-07:00,2026-04-16T21:56:18-07:00,0,0
global.js,57,js,dcfbef51,Matthew Paoletta,2026-04-16,21:56:18,-07:00,2026-04-16T21:56:18-07:00,0,0
global.js,58,js,dcfbef51,Matthew Paoletta,2026-04-16,21:56:18,-07:00,2026-04-16T21:56:18-07:00,0,60
global.js,59,js,dcfbef51,Matthew Paoletta,2026-04-16,21:56:18,-07:00,2026-04-16T21:56:18-07:00,0,0
global.js,60,js,dcfbef51,Matthew Paoletta,2026-04-16,21:56:18,-07:00,2026-04-16T21:56:18-07:00,0,36
global.js,61,js,dcfbef51,Matthew Paoletta,2026-04-16,21:56:18,-07:00,2026-04-16T21:56:18-07:00,1,70
global.js,62,js,dcfbef51,Matthew Paoletta,2026-04-16,21:56:18,-07:00,2026-04-16T21:56:18-07:00,1,25
global.js,63,js,dcfbef51,Matthew Paoletta,2026-04-16,21:56:18,-07:00,2026-04-16T21:56:18-07:00,0,0
global.js,64,js,dcfbef51,Matthew Paoletta,2026-04-16,21:56:18,-07:00,2026-04-16T21:56:18-07:00,0,0
global.js,65,js,dcfbef51,Matthew Paoletta,2026-04-16,21:56:18,-07:00,2026-04-16T21:56:18-07:00,0,34
global.js,66,js,dcfbef51,Matthew Paoletta,2026-04-16,21:56:18,-07:00,2026-04-16T21:56:18-07:00,1,39
global.js,67,js,dcfbef51,Matthew Paoletta,2026-04-16,21:56:18,-07:00,2026-04-16T21:56:18-07:00,0,0
global.js,68,js,dcfbef51,Matthew Paoletta,2026-04-16,21:56:18,-07:00,2026-04-16T21:56:18-07:00,0,0
global.js,69,js,dcfbef51,Matthew Paoletta,2026-04-16,21:56:18,-07:00,2026-04-16T21:56:18-07:00,0,49
global.js,70,js,dcfbef51,Matthew Paoletta,2026-04-16,21:56:18,-07:00,2026-04-16T21:56:18-07:00,1,37
global.js,71,js,dcfbef51,Matthew Paoletta,2026-04-16,21:56:18,-07:00,2026-04-16T21:56:18-07:00,1,26
global.js,72,js,dcfbef51,Matthew Paoletta,2026-04-16,21:56:18,-07:00,2026-04-16T21:56:18-07:00,1,37
global.js,73,js,dcfbef51,Matthew Paoletta,2026-04-16,21:56:18,-07:00,2026-04-16T21:56:18-07:00,0,1
global.js,74,js,dcfbef51,Matthew Paoletta,2026-04-16,21:56:18,-07:00,2026-04-16T21:56:18-07:00,0,0
global.js,75,js,dcfbef51,Matthew Paoletta,2026-04-16,21:56:18,-07:00,2026-04-16T21:56:18-07:00,0,42
global.js,76,js,78f41e59,Matthew Paoletta,2026-04-16,22:01:44,-07:00,2026-04-16T22:01:44-07:00,0,45
global.js,77,js,78f41e59,Matthew Paoletta,2026-04-16,22:01:44,-07:00,2026-04-16T22:01:44-07:00,0,35
global.js,78,js,78f41e59,Matthew Paoletta,2026-04-16,22:01:44,-07:00,2026-04-16T22:01:44-07:00,0,22
global.js,79,js,dcfbef51,Matthew Paoletta,2026-04-16,21:56:18,-07:00,2026-04-16T21:56:18-07:00,0,0
global.js,80,js,dcfbef51,Matthew Paoletta,2026-04-16,21:56:18,-07:00,2026-04-16T21:56:18-07:00,0,49
global.js,81,js,dcfbef51,Matthew Paoletta,2026-04-16,21:56:18,-07:00,2026-04-16T21:56:18-07:00,1,21
global.js,82,js,dcfbef51,Matthew Paoletta,2026-04-16,21:56:18,-07:00,2026-04-16T21:56:18-07:00,0,0
global.js,83,js,dcfbef51,Matthew Paoletta,2026-04-16,21:56:18,-07:00,2026-04-16T21:56:18-07:00,1,30
global.js,84,js,78f41e59,Matthew Paoletta,2026-04-16,22:01:44,-07:00,2026-04-16T22:01:44-07:00,1,35
global.js,85,js,dcfbef51,Matthew Paoletta,2026-04-16,21:56:18,-07:00,2026-04-16T21:56:18-07:00,0,0
global.js,86,js,dcfbef51,Matthew Paoletta,2026-04-16,21:56:18,-07:00,2026-04-16T21:56:18-07:00,1,31
global.js,87,js,78f41e59,Matthew Paoletta,2026-04-16,22:01:44,-07:00,2026-04-16T22:01:44-07:00,2,22
global.js,88,js,dcfbef51,Matthew Paoletta,2026-04-16,21:56:18,-07:00,2026-04-16T21:56:18-07:00,1,0
global.js,89,js,dcfbef51,Matthew Paoletta,2026-04-16,21:56:18,-07:00,2026-04-16T21:56:18-07:00,0,0
global.js,90,js,78f41e59,Matthew Paoletta,2026-04-16,22:01:44,-07:00,2026-04-16T22:01:44-07:00,1,48
global.js,91,js,78f41e59,Matthew Paoletta,2026-04-16,22:01:44,-07:00,2026-04-16T22:01:44-07:00,0,0
global.js,92,js,78f41e59,Matthew Paoletta,2026-04-16,22:01:44,-07:00,2026-04-16T22:01:44-07:00,1,100
global.js,93,js,78f41e59,Matthew Paoletta,2026-04-16,22:01:44,-07:00,2026-04-16T22:01:44-07:00,0,0
global.js,94,js,78f41e59,Matthew Paoletta,2026-04-16,22:01:44,-07:00,2026-04-16T22:01:44-07:00,1,27
global.js,95,js,78f41e59,Matthew Paoletta,2026-04-16,22:01:44,-07:00,2026-04-16T22:01:44-07:00,2,25
global.js,96,js,78f41e59,Matthew Paoletta,2026-04-16,22:01:44,-07:00,2026-04-16T22:01:44-07:00,1,1
global.js,97,js,9233f216,Matthew Paoletta,2026-04-23,14:19:00,-07:00,2026-04-23T14:19:00-07:00,0,1
global.js,98,js,9233f216,Matthew Paoletta,2026-04-23,14:19:00,-07:00,2026-04-23T14:19:00-07:00,0,0
global.js,99,js,9233f216,Matthew Paoletta,2026-04-23,14:19:00,-07:00,2026-04-23T14:19:00-07:00,0,36
global.js,100,js,9233f216,Matthew Paoletta,2026-04-23,14:19:00,-07:00,2026-04-23T14:19:00-07:00,1,3
global.js,101,js,9233f216,Matthew Paoletta,2026-04-23,14:19:00,-07:00,2026-04-23T14:19:00-07:00,2,32
global.js,102,js,9233f216,Matthew Paoletta,2026-04-23,14:19:00,-07:00,2026-04-23T14:19:00-07:00,0,0
global.js,103,js,9233f216,Matthew Paoletta,2026-04-23,14:19:00,-07:00,2026-04-23T14:19:00-07:00,2,17
global.js,104,js,9233f216,Matthew Paoletta,2026-04-23,14:19:00,-07:00,2026-04-23T14:19:00-07:00,3,81
global.js,105,js,9233f216,Matthew Paoletta,2026-04-23,14:19:00,-07:00,2026-04-23T14:19:00-07:00,2,0
global.js,106,js,9233f216,Matthew Paoletta,2026-04-23,14:19:00,-07:00,2026-04-23T14:19:00-07:00,0,0
global.js,107,js,9233f216,Matthew Paoletta,2026-04-23,14:19:00,-07:00,2026-04-23T14:19:00-07:00,2,27
global.js,108,js,9233f216,Matthew Paoletta,2026-04-23,14:19:00,-07:00,2026-04-23T14:19:00-07:00,1,15
global.js,109,js,9233f216,Matthew Paoletta,2026-04-23,14:19:00,-07:00,2026-04-23T14:19:00-07:00,2,59
global.js,110,js,9233f216,Matthew Paoletta,2026-04-23,14:19:00,-07:00,2026-04-23T14:19:00-07:00,2,10
global.js,111,js,9233f216,Matthew Paoletta,2026-04-23,14:19:00,-07:00,2026-04-23T14:19:00-07:00,1,0
global.js,112,js,9233f216,Matthew Paoletta,2026-04-23,14:19:00,-07:00,2026-04-23T14:19:00-07:00,0,0
global.js,113,js,9233f216,Matthew Paoletta,2026-04-23,14:19:00,-07:00,2026-04-23T14:19:00-07:00,0,0
global.js,114,js,9233f216,Matthew Paoletta,2026-04-23,14:19:00,-07:00,2026-04-23T14:19:00-07:00,0,79
global.js,115,js,9233f216,Matthew Paoletta,2026-04-23,14:19:00,-07:00,2026-04-23T14:19:00-07:00,1,22
global.js,116,js,9233f216,Matthew Paoletta,2026-04-23,14:19:00,-07:00,2026-04-23T14:19:00-07:00,2,71
global.js,117,js,9233f216,Matthew Paoletta,2026-04-23,14:19:00,-07:00,2026-04-23T14:19:00-07:00,2,5
global.js,118,js,9233f216,Matthew Paoletta,2026-04-23,14:19:00,-07:00,2026-04-23T14:19:00-07:00,1,0
global.js,119,js,9233f216,Matthew Paoletta,2026-04-23,14:19:00,-07:00,2026-04-23T14:19:00-07:00,0,0
global.js,120,js,9233f216,Matthew Paoletta,2026-04-23,14:19:00,-07:00,2026-04-23T14:19:00-07:00,1,90
global.js,121,js,9233f216,Matthew Paoletta,2026-04-23,14:19:00,-07:00,2026-04-23T14:19:00-07:00,1,30
global.js,122,js,9233f216,Matthew Paoletta,2026-04-23,14:19:00,-07:00,2026-04-23T14:19:00-07:00,0,0
global.js,123,js,9233f216,Matthew Paoletta,2026-04-23,14:19:00,-07:00,2026-04-23T14:19:00-07:00,1,54
global.js,124,js,9233f216,Matthew Paoletta,2026-04-23,14:19:00,-07:00,2026-04-23T14:19:00-07:00,2,63
global.js,125,js,9233f216,Matthew Paoletta,2026-04-23,14:19:00,-07:00,2026-04-23T14:19:00-07:00,2,5
global.js,126,js,9233f216,Matthew Paoletta,2026-04-23,14:19:00,-07:00,2026-04-23T14:19:00-07:00,1,0
global.js,127,js,9233f216,Matthew Paoletta,2026-04-23,14:19:00,-07:00,2026-04-23T14:19:00-07:00,0,0
global.js,128,js,9233f216,Matthew Paoletta,2026-04-23,14:19:00,-07:00,2026-04-23T14:19:00-07:00,1,29
global.js,129,js,9233f216,Matthew Paoletta,2026-04-23,14:19:00,-07:00,2026-04-23T14:19:00-07:00,2,48
global.js,130,js,9233f216,Matthew Paoletta,2026-04-23,14:19:00,-07:00,2026-04-23T14:19:00-07:00,2,49
global.js,131,js,ce49fe66,Matthew Paoletta,2026-04-23,14:26:29,-07:00,2026-04-23T14:26:29-07:00,2,89
global.js,132,js,ce49fe66,Matthew Paoletta,2026-04-23,14:26:29,-07:00,2026-04-23T14:26:29-07:00,2,74
global.js,133,js,9233f216,Matthew Paoletta,2026-04-23,14:19:00,-07:00,2026-04-23T14:19:00-07:00,2,70
global.js,134,js,ce49fe66,Matthew Paoletta,2026-04-23,14:26:29,-07:00,2026-04-23T14:26:29-07:00,2,31
global.js,135,js,9233f216,Matthew Paoletta,2026-04-23,14:19:00,-07:00,2026-04-23T14:19:00-07:00,0,0
global.js,136,js,9233f216,Matthew Paoletta,2026-04-23,14:19:00,-07:00,2026-04-23T14:19:00-07:00,2,19
global.js,137,js,fdb7e9a9,mpaoletta73,2026-05-01,14:07:31,-07:00,2026-05-01T14:07:31-07:00,3,66
global.js,138,js,9233f216,Matthew Paoletta,2026-04-23,14:19:00,-07:00,2026-04-23T14:19:00-07:00,3,33
global.js,139,js,fdb7e9a9,mpaoletta73,2026-05-01,14:07:31,-07:00,2026-05-01T14:07:31-07:00,3,24
global.js,140,js,fdb7e9a9,mpaoletta73,2026-05-01,14:07:31,-07:00,2026-05-01T14:07:31-07:00,4,19
global.js,141,js,fdb7e9a9,mpaoletta73,2026-05-01,14:07:31,-07:00,2026-05-01T14:07:31-07:00,4,50
global.js,142,js,fdb7e9a9,mpaoletta73,2026-05-01,14:07:31,-07:00,2026-05-01T14:07:31-07:00,3,4
global.js,143,js,9233f216,Matthew Paoletta,2026-04-23,14:19:00,-07:00,2026-04-23T14:19:00-07:00,2,0
global.js,144,js,9233f216,Matthew Paoletta,2026-04-23,14:19:00,-07:00,2026-04-23T14:19:00-07:00,0,0
global.js,145,js,9233f216,Matthew Paoletta,2026-04-23,14:19:00,-07:00,2026-04-23T14:19:00-07:00,2,36
global.js,146,js,9233f216,Matthew Paoletta,2026-04-23,14:19:00,-07:00,2026-04-23T14:19:00-07:00,1,0
global.js,147,js,9233f216,Matthew Paoletta,2026-04-23,14:19:00,-07:00,2026-04-23T14:19:00-07:00,0,0
global.js,148,js,9233f216,Matthew Paoletta,2026-04-23,14:19:00,-07:00,2026-04-23T14:19:00-07:00,0,0
global.js,149,js,9233f216,Matthew Paoletta,2026-04-23,14:19:00,-07:00,2026-04-23T14:19:00-07:00,0,47
global.js,150,js,9233f216,Matthew Paoletta,2026-04-23,14:19:00,-07:00,2026-04-23T14:19:00-07:00,1,59
global.js,151,js,9233f216,Matthew Paoletta,2026-04-23,14:19:00,-07:00,2026-04-23T14:19:00-07:00,0,0
global.js,152,js,9233f216,Matthew Paoletta,2026-04-23,14:19:00,-07:00,2026-04-23T14:19:00-07:00,0,0
global.js,153,js,9233f216,Matthew Paoletta,2026-04-23,14:19:00,-07:00,2026-04-23T14:19:00-07:00,0,47
global.js,154,js,9233f216,Matthew Paoletta,2026-04-23,14:19:00,-07:00,2026-04-23T14:19:00-07:00,1,31
global.js,155,js,9233f216,Matthew Paoletta,2026-04-23,14:19:00,-07:00,2026-04-23T14:19:00-07:00,0,0
cv.html,1,html,3ee7e1df,Matthew Paoletta,2026-04-02,23:31:44,-07:00,2026-04-02T23:31:44-07:00,0,13
cv.html,2,html,3ee7e1df,Matthew Paoletta,2026-04-02,23:31:44,-07:00,2026-04-02T23:31:44-07:00,0,14
cv.html,3,html,3ee7e1df,Matthew Paoletta,2026-04-02,23:31:44,-07:00,2026-04-02T23:31:44-07:00,0,4
cv.html,4,html,3ee7e1df,Matthew Paoletta,2026-04-02,23:31:44,-07:00,2026-04-02T23:31:44-07:00,1,20
cv.html,5,html,3ee7e1df,Matthew Paoletta,2026-04-02,23:31:44,-07:00,2026-04-02T23:31:44-07:00,1,68
cv.html,6,html,3ee7e1df,Matthew Paoletta,2026-04-02,23:31:44,-07:00,2026-04-02T23:31:44-07:00,1,19
cv.html,7,html,f5490dcf,Matthew Paoletta,2026-04-10,15:32:28,-07:00,2026-04-10T15:32:28-07:00,1,38
cv.html,8,html,3ee7e1df,Matthew Paoletta,2026-04-02,23:31:44,-07:00,2026-04-02T23:31:44-07:00,0,5
cv.html,9,html,3ee7e1df,Matthew Paoletta,2026-04-02,23:31:44,-07:00,2026-04-02T23:31:44-07:00,0,4
cv.html,10,html,3ee7e1df,Matthew Paoletta,2026-04-02,23:31:44,-07:00,2026-04-02T23:31:44-07:00,1,32
cv.html,11,html,3ee7e1df,Matthew Paoletta,2026-04-02,23:31:44,-07:00,2026-04-02T23:31:44-07:00,1,30
cv.html,12,html,3ee7e1df,Matthew Paoletta,2026-04-02,23:31:44,-07:00,2026-04-02T23:31:44-07:00,0,0
cv.html,13,html,3ee7e1df,Matthew Paoletta,2026-04-02,23:31:44,-07:00,2026-04-02T23:31:44-07:00,1,7
cv.html,14,html,3ee7e1df,Matthew Paoletta,2026-04-02,23:31:44,-07:00,2026-04-02T23:31:44-07:00,2,16
cv.html,15,html,3ee7e1df,Matthew Paoletta,2026-04-02,23:31:44,-07:00,2026-04-02T23:31:44-07:00,2,7
cv.html,16,html,3ee7e1df,Matthew Paoletta,2026-04-02,23:31:44,-07:00,2026-04-02T23:31:44-07:00,3,41
cv.html,17,html,3ee7e1df,Matthew Paoletta,2026-04-02,23:31:44,-07:00,2026-04-02T23:31:44-07:00,3,41
cv.html,18,html,3ee7e1df,Matthew Paoletta,2026-04-02,23:31:44,-07:00,2026-04-02T23:31:44-07:00,3,26
cv.html,19,html,3ee7e1df,Matthew Paoletta,2026-04-02,23:31:44,-07:00,2026-04-02T23:31:44-07:00,3,88
cv.html,20,html,3ee7e1df,Matthew Paoletta,2026-04-02,23:31:44,-07:00,2026-04-02T23:31:44-07:00,2,8
cv.html,21,html,3ee7e1df,Matthew Paoletta,2026-04-02,23:31:44,-07:00,2026-04-02T23:31:44-07:00,1,8
cv.html,22,html,3ee7e1df,Matthew Paoletta,2026-04-02,23:31:44,-07:00,2026-04-02T23:31:44-07:00,0,0
cv.html,23,html,3ee7e1df,Matthew Paoletta,2026-04-02,23:31:44,-07:00,2026-04-02T23:31:44-07:00,1,7
cv.html,24,html,3ee7e1df,Matthew Paoletta,2026-04-02,23:31:44,-07:00,2026-04-02T23:31:44-07:00,2,15
cv.html,25,html,3ee7e1df,Matthew Paoletta,2026-04-02,23:31:44,-07:00,2026-04-02T23:31:44-07:00,2,7
cv.html,26,html,3ee7e1df,Matthew Paoletta,2026-04-02,23:31:44,-07:00,2026-04-02T23:31:44-07:00,3,24
cv.html,27,html,3ee7e1df,Matthew Paoletta,2026-04-02,23:31:44,-07:00,2026-04-02T23:31:44-07:00,3,1
cv.html,28,html,3ee7e1df,Matthew Paoletta,2026-04-02,23:31:44,-07:00,2026-04-02T23:31:44-07:00,4,57
cv.html,29,html,8b54ec49,Matthew Paoletta,2026-04-02,23:35:28,-07:00,2026-04-02T23:35:28-07:00,4,45
cv.html,30,html,3ee7e1df,Matthew Paoletta,2026-04-02,23:31:44,-07:00,2026-04-02T23:31:44-07:00,3,2
cv.html,31,html,3ee7e1df,Matthew Paoletta,2026-04-02,23:31:44,-07:00,2026-04-02T23:31:44-07:00,2,8
cv.html,32,html,3ee7e1df,Matthew Paoletta,2026-04-02,23:31:44,-07:00,2026-04-02T23:31:44-07:00,1,8
cv.html,33,html,3ee7e1df,Matthew Paoletta,2026-04-02,23:31:44,-07:00,2026-04-02T23:31:44-07:00,0,0
cv.html,34,html,3ee7e1df,Matthew Paoletta,2026-04-02,23:31:44,-07:00,2026-04-02T23:31:44-07:00,1,7
cv.html,35,html,3ee7e1df,Matthew Paoletta,2026-04-02,23:31:44,-07:00,2026-04-02T23:31:44-07:00,2,13
cv.html,36,html,3ee7e1df,Matthew Paoletta,2026-04-02,23:31:44,-07:00,2026-04-02T23:31:44-07:00,2,2
cv.html,37,html,3ee7e1df,Matthew Paoletta,2026-04-02,23:31:44,-07:00,2026-04-02T23:31:44-07:00,3,13
cv.html,38,html,3ee7e1df,Matthew Paoletta,2026-04-02,23:31:44,-07:00,2026-04-02T23:31:44-07:00,3,15
cv.html,39,html,3ee7e1df,Matthew Paoletta,2026-04-02,23:31:44,-07:00,2026-04-02T23:31:44-07:00,3,17
cv.html,40,html,3ee7e1df,Matthew Paoletta,2026-04-02,23:31:44,-07:00,2026-04-02T23:31:44-07:00,3,20
cv.html,41,html,3ee7e1df,Matthew Paoletta,2026-04-02,23:31:44,-07:00,2026-04-02T23:31:44-07:00,2,3
cv.html,42,html,3ee7e1df,Matthew Paoletta,2026-04-02,23:31:44,-07:00,2026-04-02T23:31:44-07:00,1,8
cv.html,43,html,dcfbef51,Matthew Paoletta,2026-04-16,21:56:18,-07:00,2026-04-16T21:56:18-07:00,0,0
cv.html,44,html,dcfbef51,Matthew Paoletta,2026-04-16,21:56:18,-07:00,2026-04-16T21:56:18-07:00,1,45
cv.html,45,html,3ee7e1df,Matthew Paoletta,2026-04-02,23:31:44,-07:00,2026-04-02T23:31:44-07:00,0,5
cv.html,46,html,3ee7e1df,Matthew Paoletta,2026-04-02,23:31:44,-07:00,2026-04-02T23:31:44-07:00,0,5
projects\projects.js,1,js,9233f216,Matthew Paoletta,2026-04-23,14:19:00,-07:00,2026-04-23T14:19:00-07:00,0,55
projects\projects.js,2,js,fdb7e9a9,mpaoletta73,2026-05-01,14:07:31,-07:00,2026-05-01T14:07:31-07:00,0,63
projects\projects.js,3,js,9233f216,Matthew Paoletta,2026-04-23,14:19:00,-07:00,2026-04-23T14:19:00-07:00,0,0
projects\projects.js,4,js,9233f216,Matthew Paoletta,2026-04-23,14:19:00,-07:00,2026-04-23T14:19:00-07:00,0,55
projects\projects.js,5,js,9233f216,Matthew Paoletta,2026-04-23,14:19:00,-07:00,2026-04-23T14:19:00-07:00,0,60
projects\projects.js,6,js,9233f216,Matthew Paoletta,2026-04-23,14:19:00,-07:00,2026-04-23T14:19:00-07:00,0,0
projects\projects.js,7,js,9233f216,Matthew Paoletta,2026-04-23,14:19:00,-07:00,2026-04-23T14:19:00-07:00,0,62
projects\projects.js,8,js,9233f216,Matthew Paoletta,2026-04-23,14:19:00,-07:00,2026-04-23T14:19:00-07:00,0,18
projects\projects.js,9,js,9233f216,Matthew Paoletta,2026-04-23,14:19:00,-07:00,2026-04-23T14:19:00-07:00,1,58
projects\projects.js,10,js,9233f216,Matthew Paoletta,2026-04-23,14:19:00,-07:00,2026-04-23T14:19:00-07:00,1,48
projects\projects.js,11,js,9233f216,Matthew Paoletta,2026-04-23,14:19:00,-07:00,2026-04-23T14:19:00-07:00,0,0
projects\projects.js,12,js,fdb7e9a9,mpaoletta73,2026-05-01,14:07:31,-07:00,2026-05-01T14:07:31-07:00,0,0
projects\projects.js,13,js,fdb7e9a9,mpaoletta73,2026-05-01,14:07:31,-07:00,2026-05-01T14:07:31-07:00,0,59
projects\projects.js,14,js,fdb7e9a9,mpaoletta73,2026-05-01,14:07:31,-07:00,2026-05-01T14:07:31-07:00,0,49
projects\projects.js,15,js,bd71db35,mpaoletta73,2026-05-01,14:24:25,-07:00,2026-05-01T14:24:25-07:00,0,0
projects\projects.js,16,js,bd71db35,mpaoletta73,2026-05-01,14:24:25,-07:00,2026-05-01T14:24:25-07:00,0,22
projects\projects.js,17,js,fdb7e9a9,mpaoletta73,2026-05-01,14:07:31,-07:00,2026-05-01T14:07:31-07:00,0,13
projects\projects.js,18,js,fdb7e9a9,mpaoletta73,2026-05-01,14:07:31,-07:00,2026-05-01T14:07:31-07:00,0,0
projects\projects.js,19,js,bd71db35,mpaoletta73,2026-05-01,14:24:25,-07:00,2026-05-01T14:24:25-07:00,0,28
projects\projects.js,20,js,bd71db35,mpaoletta73,2026-05-01,14:24:25,-07:00,2026-05-01T14:24:25-07:00,1,43
projects\projects.js,21,js,bd71db35,mpaoletta73,2026-05-01,14:24:25,-07:00,2026-05-01T14:24:25-07:00,2,61
projects\projects.js,22,js,bd71db35,mpaoletta73,2026-05-01,14:24:25,-07:00,2026-05-01T14:24:25-07:00,2,42
projects\projects.js,23,js,bd71db35,mpaoletta73,2026-05-01,14:24:25,-07:00,2026-05-01T14:24:25-07:00,1,1
projects\projects.js,24,js,bd71db35,mpaoletta73,2026-05-01,14:24:25,-07:00,2026-05-01T14:24:25-07:00,0,0
projects\projects.js,25,js,bd71db35,mpaoletta73,2026-05-01,14:24:25,-07:00,2026-05-01T14:24:25-07:00,0,0
projects\projects.js,26,js,bd71db35,mpaoletta73,2026-05-01,14:24:25,-07:00,2026-05-01T14:24:25-07:00,0,26
projects\projects.js,27,js,bd71db35,mpaoletta73,2026-05-01,14:24:25,-07:00,2026-05-01T14:24:25-07:00,1,41
projects\projects.js,28,js,bd71db35,mpaoletta73,2026-05-01,14:24:25,-07:00,2026-05-01T14:24:25-07:00,1,39
projects\projects.js,29,js,bd71db35,mpaoletta73,2026-05-01,14:24:25,-07:00,2026-05-01T14:24:25-07:00,1,59
projects\projects.js,30,js,bd71db35,mpaoletta73,2026-05-01,14:24:25,-07:00,2026-05-01T14:24:25-07:00,0,0
projects\projects.js,31,js,bd71db35,mpaoletta73,2026-05-01,14:24:25,-07:00,2026-05-01T14:24:25-07:00,0,0
projects\projects.js,32,js,fdb7e9a9,mpaoletta73,2026-05-01,14:07:31,-07:00,2026-05-01T14:07:31-07:00,0,38
projects\projects.js,33,js,fdb7e9a9,mpaoletta73,2026-05-01,14:07:31,-07:00,2026-05-01T14:07:31-07:00,1,28
projects\projects.js,34,js,fdb7e9a9,mpaoletta73,2026-05-01,14:07:31,-07:00,2026-05-01T14:07:31-07:00,2,12
projects\projects.js,35,js,fdb7e9a9,mpaoletta73,2026-05-01,14:07:31,-07:00,2026-05-01T14:07:31-07:00,2,14
projects\projects.js,36,js,fdb7e9a9,mpaoletta73,2026-05-01,14:07:31,-07:00,2026-05-01T14:07:31-07:00,2,12
projects\projects.js,37,js,fdb7e9a9,mpaoletta73,2026-05-01,14:07:31,-07:00,2026-05-01T14:07:31-07:00,1,0
projects\projects.js,38,js,fdb7e9a9,mpaoletta73,2026-05-01,14:07:31,-07:00,2026-05-01T14:07:31-07:00,0,0
projects\projects.js,39,js,fdb7e9a9,mpaoletta73,2026-05-01,14:07:31,-07:00,2026-05-01T14:07:31-07:00,1,47
projects\projects.js,40,js,fdb7e9a9,mpaoletta73,2026-05-01,14:07:31,-07:00,2026-05-01T14:07:31-07:00,2,11
projects\projects.js,41,js,fdb7e9a9,mpaoletta73,2026-05-01,14:07:31,-07:00,2026-05-01T14:07:31-07:00,2,10
projects\projects.js,42,js,fdb7e9a9,mpaoletta73,2026-05-01,14:07:31,-07:00,2026-05-01T14:07:31-07:00,1,2
projects\projects.js,43,js,fdb7e9a9,mpaoletta73,2026-05-01,14:07:31,-07:00,2026-05-01T14:07:31-07:00,0,0
projects\projects.js,44,js,fdb7e9a9,mpaoletta73,2026-05-01,14:07:31,-07:00,2026-05-01T14:07:31-07:00,1,42
projects\projects.js,45,js,fdb7e9a9,mpaoletta73,2026-05-01,14:07:31,-07:00,2026-05-01T14:07:31-07:00,1,29
projects\projects.js,46,js,fdb7e9a9,mpaoletta73,2026-05-01,14:07:31,-07:00,2026-05-01T14:07:31-07:00,0,0
projects\projects.js,47,js,fdb7e9a9,mpaoletta73,2026-05-01,14:07:31,-07:00,2026-05-01T14:07:31-07:00,1,34
projects\projects.js,48,js,fdb7e9a9,mpaoletta73,2026-05-01,14:07:31,-07:00,2026-05-01T14:07:31-07:00,1,30
projects\projects.js,49,js,fdb7e9a9,mpaoletta73,2026-05-01,14:07:31,-07:00,2026-05-01T14:07:31-07:00,0,0
projects\projects.js,50,js,fdb7e9a9,mpaoletta73,2026-05-01,14:07:31,-07:00,2026-05-01T14:07:31-07:00,1,28
projects\projects.js,51,js,fdb7e9a9,mpaoletta73,2026-05-01,14:07:31,-07:00,2026-05-01T14:07:31-07:00,0,0
projects\projects.js,52,js,fdb7e9a9,mpaoletta73,2026-05-01,14:07:31,-07:00,2026-05-01T14:07:31-07:00,1,52
projects\projects.js,53,js,fdb7e9a9,mpaoletta73,2026-05-01,14:07:31,-07:00,2026-05-01T14:07:31-07:00,1,35
projects\projects.js,54,js,fdb7e9a9,mpaoletta73,2026-05-01,14:07:31,-07:00,2026-05-01T14:07:31-07:00,1,47
projects\projects.js,55,js,fdb7e9a9,mpaoletta73,2026-05-01,14:07:31,-07:00,2026-05-01T14:07:31-07:00,0,0
projects\projects.js,56,js,bd71db35,mpaoletta73,2026-05-01,14:24:25,-07:00,2026-05-01T14:24:25-07:00,1,30
projects\projects.js,57,js,bd71db35,mpaoletta73,2026-05-01,14:24:25,-07:00,2026-05-01T14:24:25-07:00,2,47
projects\projects.js,58,js,bd71db35,mpaoletta73,2026-05-01,14:24:25,-07:00,2026-05-01T14:24:25-07:00,2,3
projects\projects.js,59,js,bd71db35,mpaoletta73,2026-05-01,14:24:25,-07:00,2026-05-01T14:24:25-07:00,0,0
projects\projects.js,60,js,fdb7e9a9,mpaoletta73,2026-05-01,14:07:31,-07:00,2026-05-01T14:07:31-07:00,1,24
projects\projects.js,61,js,fdb7e9a9,mpaoletta73,2026-05-01,14:07:31,-07:00,2026-05-01T14:07:31-07:00,2,1
projects\projects.js,62,js,fdb7e9a9,mpaoletta73,2026-05-01,14:07:31,-07:00,2026-05-01T14:07:31-07:00,3,13
projects\projects.js,63,js,fdb7e9a9,mpaoletta73,2026-05-01,14:07:31,-07:00,2026-05-01T14:07:31-07:00,3,13
projects\projects.js,64,js,fdb7e9a9,mpaoletta73,2026-05-01,14:07:31,-07:00,2026-05-01T14:07:31-07:00,3,22
projects\projects.js,65,js,bd71db35,mpaoletta73,2026-05-01,14:24:25,-07:00,2026-05-01T14:24:25-07:00,3,49
projects\projects.js,66,js,fdb7e9a9,mpaoletta73,2026-05-01,14:07:31,-07:00,2026-05-01T14:07:31-07:00,3,18
projects\projects.js,67,js,bd71db35,mpaoletta73,2026-05-01,14:24:25,-07:00,2026-05-01T14:24:25-07:00,4,67
projects\projects.js,68,js,bd71db35,mpaoletta73,2026-05-01,14:24:25,-07:00,2026-05-01T14:24:25-07:00,0,0
projects\projects.js,69,js,bd71db35,mpaoletta73,2026-05-01,14:24:25,-07:00,2026-05-01T14:24:25-07:00,4,33
projects\projects.js,70,js,bd71db35,mpaoletta73,2026-05-01,14:24:25,-07:00,2026-05-01T14:24:25-07:00,5,47
projects\projects.js,71,js,bd71db35,mpaoletta73,2026-05-01,14:24:25,-07:00,2026-05-01T14:24:25-07:00,5,3
projects\projects.js,72,js,fdb7e9a9,mpaoletta73,2026-05-01,14:07:31,-07:00,2026-05-01T14:07:31-07:00,0,0
projects\projects.js,73,js,fdb7e9a9,mpaoletta73,2026-05-01,14:07:31,-07:00,2026-05-01T14:07:31-07:00,4,1
projects\projects.js,74,js,fdb7e9a9,mpaoletta73,2026-05-01,14:07:31,-07:00,2026-05-01T14:07:31-07:00,5,16
projects\projects.js,75,js,bd71db35,mpaoletta73,2026-05-01,14:24:25,-07:00,2026-05-01T14:24:25-07:00,5,69
projects\projects.js,76,js,fdb7e9a9,mpaoletta73,2026-05-01,14:07:31,-07:00,2026-05-01T14:07:31-07:00,0,0
projects\projects.js,77,js,fdb7e9a9,mpaoletta73,2026-05-01,14:07:31,-07:00,2026-05-01T14:07:31-07:00,4,4
projects\projects.js,78,js,fdb7e9a9,mpaoletta73,2026-05-01,14:07:31,-07:00,2026-05-01T14:07:31-07:00,5,14
projects\projects.js,79,js,fdb7e9a9,mpaoletta73,2026-05-01,14:07:31,-07:00,2026-05-01T14:07:31-07:00,5,24
projects\projects.js,80,js,bd71db35,mpaoletta73,2026-05-01,14:24:25,-07:00,2026-05-01T14:24:25-07:00,6,62
projects\projects.js,81,js,fdb7e9a9,mpaoletta73,2026-05-01,14:07:31,-07:00,2026-05-01T14:07:31-07:00,5,0
projects\projects.js,82,js,fdb7e9a9,mpaoletta73,2026-05-01,14:07:31,-07:00,2026-05-01T14:07:31-07:00,0,0
projects\projects.js,83,js,bd71db35,mpaoletta73,2026-05-01,14:24:25,-07:00,2026-05-01T14:24:25-07:00,4,57
projects\projects.js,84,js,fdb7e9a9,mpaoletta73,2026-05-01,14:07:31,-07:00,2026-05-01T14:07:31-07:00,3,1
projects\projects.js,85,js,fdb7e9a9,mpaoletta73,2026-05-01,14:07:31,-07:00,2026-05-01T14:07:31-07:00,1,1
projects\projects.js,86,js,fdb7e9a9,mpaoletta73,2026-05-01,14:07:31,-07:00,2026-05-01T14:07:31-07:00,0,0
projects\projects.js,87,js,fdb7e9a9,mpaoletta73,2026-05-01,14:07:31,-07:00,2026-05-01T14:07:31-07:00,1,24
projects\projects.js,88,js,fdb7e9a9,mpaoletta73,2026-05-01,14:07:31,-07:00,2026-05-01T14:07:31-07:00,2,4
projects\projects.js,89,js,fdb7e9a9,mpaoletta73,2026-05-01,14:07:31,-07:00,2026-05-01T14:07:31-07:00,3,11
projects\projects.js,90,js,bd71db35,mpaoletta73,2026-05-01,14:24:25,-07:00,2026-05-01T14:24:25-07:00,3,74
projects\projects.js,91,js,fdb7e9a9,mpaoletta73,2026-05-01,14:07:31,-07:00,2026-05-01T14:07:31-07:00,3,38
projects\projects.js,92,js,fdb7e9a9,mpaoletta73,2026-05-01,14:07:31,-07:00,2026-05-01T14:07:31-07:00,3,69
projects\projects.js,93,js,fdb7e9a9,mpaoletta73,2026-05-01,14:07:31,-07:00,2026-05-01T14:07:31-07:00,1,1
projects\projects.js,94,js,fdb7e9a9,mpaoletta73,2026-05-01,14:07:31,-07:00,2026-05-01T14:07:31-07:00,0,0
projects\projects.js,95,js,fdb7e9a9,mpaoletta73,2026-05-01,14:07:31,-07:00,2026-05-01T14:07:31-07:00,0,0
projects\projects.js,96,js,fdb7e9a9,mpaoletta73,2026-05-01,14:07:31,-07:00,2026-05-01T14:07:31-07:00,0,54
projects\projects.js,97,js,fdb7e9a9,mpaoletta73,2026-05-01,14:07:31,-07:00,2026-05-01T14:07:31-07:00,0,29
projects\projects.js,98,js,fdb7e9a9,mpaoletta73,2026-05-01,14:07:31,-07:00,2026-05-01T14:07:31-07:00,0,0
projects\projects.js,99,js,fdb7e9a9,mpaoletta73,2026-05-01,14:07:31,-07:00,2026-05-01T14:07:31-07:00,0,55
projects\projects.js,100,js,fdb7e9a9,mpaoletta73,2026-05-01,14:07:31,-07:00,2026-05-01T14:07:31-07:00,0,16
projects\projects.js,101,js,fdb7e9a9,mpaoletta73,2026-05-01,14:07:31,-07:00,2026-05-01T14:07:31-07:00,1,48
projects\projects.js,102,js,fdb7e9a9,mpaoletta73,2026-05-01,14:07:31,-07:00,2026-05-01T14:07:31-07:00,2,25
projects\projects.js,103,js,bd71db35,mpaoletta73,2026-05-01,14:24:25,-07:00,2026-05-01T14:24:25-07:00,2,41
projects\projects.js,104,js,bd71db35,mpaoletta73,2026-05-01,14:24:25,-07:00,2026-05-01T14:24:25-07:00,2,29
projects\projects.js,105,js,bd71db35,mpaoletta73,2026-05-01,14:24:25,-07:00,2026-05-01T14:24:25-07:00,2,57
projects\projects.js,106,js,fdb7e9a9,mpaoletta73,2026-05-01,14:07:31,-07:00,2026-05-01T14:07:31-07:00,1,1
projects\projects.js,107,js,fdb7e9a9,mpaoletta73,2026-05-01,14:07:31,-07:00,2026-05-01T14:07:31-07:00,0,0
projects\index.html,1,html,5437c720,Matthew Paoletta,2026-04-02,23:14:18,-07:00,2026-04-02T23:14:18-07:00,0,13
projects\index.html,2,html,5437c720,Matthew Paoletta,2026-04-02,23:14:18,-07:00,2026-04-02T23:14:18-07:00,0,14
projects\index.html,3,html,5437c720,Matthew Paoletta,2026-04-02,23:14:18,-07:00,2026-04-02T23:14:18-07:00,0,4
projects\index.html,4,html,5437c720,Matthew Paoletta,2026-04-02,23:14:18,-07:00,2026-04-02T23:14:18-07:00,2,20
projects\index.html,5,html,5437c720,Matthew Paoletta,2026-04-02,23:14:18,-07:00,2026-04-02T23:14:18-07:00,2,68
projects\index.html,6,html,5437c720,Matthew Paoletta,2026-04-02,23:14:18,-07:00,2026-04-02T23:14:18-07:00,2,21
projects\index.html,7,html,f5490dcf,Matthew Paoletta,2026-04-10,15:32:28,-07:00,2026-04-10T15:32:28-07:00,2,41
projects\index.html,8,html,dcfbef51,Matthew Paoletta,2026-04-16,21:56:18,-07:00,2026-04-16T21:56:18-07:00,2,48
projects\index.html,9,html,9233f216,Matthew Paoletta,2026-04-23,14:19:00,-07:00,2026-04-23T14:19:00-07:00,2,49
projects\index.html,10,html,5437c720,Matthew Paoletta,2026-04-02,23:14:18,-07:00,2026-04-02T23:14:18-07:00,0,5
projects\index.html,11,html,5437c720,Matthew Paoletta,2026-04-02,23:14:18,-07:00,2026-04-02T23:14:18-07:00,0,4
projects\index.html,12,html,9233f216,Matthew Paoletta,2026-04-23,14:19:00,-07:00,2026-04-23T14:19:00-07:00,2,38
projects\index.html,13,html,fdb7e9a9,mpaoletta73,2026-05-01,14:07:31,-07:00,2026-05-01T14:07:31-07:00,2,21
projects\index.html,14,html,fdb7e9a9,mpaoletta73,2026-05-01,14:07:31,-07:00,2026-05-01T14:07:31-07:00,3,58
projects\index.html,15,html,fdb7e9a9,mpaoletta73,2026-05-01,14:07:31,-07:00,2026-05-01T14:07:31-07:00,3,22
projects\index.html,16,html,fdb7e9a9,mpaoletta73,2026-05-01,14:07:31,-07:00,2026-05-01T14:07:31-07:00,2,4
projects\index.html,17,html,fdb7e9a9,mpaoletta73,2026-05-01,14:07:31,-07:00,2026-05-01T14:07:31-07:00,2,101
projects\index.html,18,html,9233f216,Matthew Paoletta,2026-04-23,14:19:00,-07:00,2026-04-23T14:19:00-07:00,2,26
projects\index.html,19,html,5437c720,Matthew Paoletta,2026-04-02,23:14:18,-07:00,2026-04-02T23:14:18-07:00,0,5
projects\index.html,20,html,5437c720,Matthew Paoletta,2026-04-02,23:14:18,-07:00,2026-04-02T23:14:18-07:00,0,5
contact\index.html,1,html,5437c720,Matthew Paoletta,2026-04-02,23:14:18,-07:00,2026-04-02T23:14:18-07:00,0,13
contact\index.html,2,html,5437c720,Matthew Paoletta,2026-04-02,23:14:18,-07:00,2026-04-02T23:14:18-07:00,0,14
contact\index.html,3,html,5437c720,Matthew Paoletta,2026-04-02,23:14:18,-07:00,2026-04-02T23:14:18-07:00,0,4
contact\index.html,4,html,5437c720,Matthew Paoletta,2026-04-02,23:14:18,-07:00,2026-04-02T23:14:18-07:00,2,20
contact\index.html,5,html,5437c720,Matthew Paoletta,2026-04-02,23:14:18,-07:00,2026-04-02T23:14:18-07:00,2,68
contact\index.html,6,html,5437c720,Matthew Paoletta,2026-04-02,23:14:18,-07:00,2026-04-02T23:14:18-07:00,2,20
contact\index.html,7,html,f5490dcf,Matthew Paoletta,2026-04-10,15:32:28,-07:00,2026-04-10T15:32:28-07:00,2,41
contact\index.html,8,html,5437c720,Matthew Paoletta,2026-04-02,23:14:18,-07:00,2026-04-02T23:14:18-07:00,0,5
contact\index.html,9,html,5437c720,Matthew Paoletta,2026-04-02,23:14:18,-07:00,2026-04-02T23:14:18-07:00,0,4
contact\index.html,10,html,3ee7e1df,Matthew Paoletta,2026-04-02,23:31:44,-07:00,2026-04-02T23:31:44-07:00,2,14
contact\index.html,11,html,dcfbef51,Matthew Paoletta,2026-04-16,21:56:18,-07:00,2026-04-16T21:56:18-07:00,2,39
contact\index.html,12,html,5437c720,Matthew Paoletta,2026-04-02,23:14:18,-07:00,2026-04-02T23:14:18-07:00,4,19
contact\index.html,13,html,5437c720,Matthew Paoletta,2026-04-02,23:14:18,-07:00,2026-04-02T23:14:18-07:00,6,6
contact\index.html,14,html,dcfbef51,Matthew Paoletta,2026-04-16,21:56:18,-07:00,2026-04-16T21:56:18-07:00,6,57
contact\index.html,15,html,5437c720,Matthew Paoletta,2026-04-02,23:14:18,-07:00,2026-04-02T23:14:18-07:00,4,6
contact\index.html,16,html,5437c720,Matthew Paoletta,2026-04-02,23:14:18,-07:00,2026-04-02T23:14:18-07:00,4,16
contact\index.html,17,html,5437c720,Matthew Paoletta,2026-04-02,23:14:18,-07:00,2026-04-02T23:14:18-07:00,6,6
contact\index.html,18,html,dcfbef51,Matthew Paoletta,2026-04-16,21:56:18,-07:00,2026-04-16T21:56:18-07:00,6,107
contact\index.html,19,html,5437c720,Matthew Paoletta,2026-04-02,23:14:18,-07:00,2026-04-02T23:14:18-07:00,4,6
contact\index.html,20,html,dcfbef51,Matthew Paoletta,2026-04-16,21:56:18,-07:00,2026-04-16T21:56:18-07:00,4,33
contact\index.html,21,html,5437c720,Matthew Paoletta,2026-04-02,23:14:18,-07:00,2026-04-02T23:14:18-07:00,2,5
contact\index.html,22,html,dcfbef51,Matthew Paoletta,2026-04-16,21:56:18,-07:00,2026-04-16T21:56:18-07:00,2,48
contact\index.html,23,html,5437c720,Matthew Paoletta,2026-04-02,23:14:18,-07:00,2026-04-02T23:14:18-07:00,0,5
contact\index.html,24,html,5437c720,Matthew Paoletta,2026-04-02,23:14:18,-07:00,2026-04-02T23:14:18-07:00,0,5
